urn,title,page_start,page_end,overlapp,digital_visning,comment,text,_merge
URN:NBN:no-nb_digibok_2006082400076,Forord,10,12.0,,,,"y 


TT 


Forord. 


D var Ufred i CLandet. Paa Torvet stod 
En vandrende Svend med sin Kjøbmandsbod. 


Af skinnende Smpkker laa Disken fuld; 
Der var Bælter af Silke og Ringer af Guld. 


Da kom der en Stridsmand og sagde: Skam 
Dig, Mand, for at pusle med saadant Kram. 


3 Fredstid kan Stasen nok ha' sit Værd, 
men nu har vi Krig, og vi trænger Sværd. 


Da svarte Svenden: Det ved jeg nok, 
men derfor stanser ei Plog og Rok. 



10 


mens I færdes ude i Vaabnenes Gny, 
Sidder Ungdom og Kvinder igjen i By. 


At korte dem Tiden har og fit Værd, – 
En anden Gang bringer jeg kanske Sværd. 


– Har vi Ufred i Landet? Og hvis vi det har: 
Var der ikke lidt Sandhed i Svendens Svar? 



Tilegnelse 


til iste Udgave. 


Tn dig, mine Dages Tanke, 
Til dig, mine Nætters Drøm, 
Jeg sender en klingende Hilsen 
Paa CTonernes brusende Strøm. 


Du gav af dit rige Hjerte 

Det Guld, til Traade jeg spandt; 
Du strødde med fulde Hænder 

De Blomster til Kranfe jeg bandt 


Saa tag da med Tak for Laanet 
Tilbage, hvad du har git: 
Mmin er vel Kunstens Formning, 
en fivets Pulsslag dit! 


",both
URN:NBN:no-nb_digibok_2006082400076,Tilegnelse til 1ste Udgave,12,12.0,,,,"Tilegnelse 


til iste Udgave. 


Tn dig, mine Dages Tanke, 
Til dig, mine Nætters Drøm, 
Jeg sender en klingende Hilsen 
Paa CTonernes brusende Strøm. 


Du gav af dit rige Hjerte 

Det Guld, til Traade jeg spandt; 
Du strødde med fulde Hænder 

De Blomster til Kranfe jeg bandt 


Saa tag da med Tak for Laanet 
Tilbage, hvad du har git: 
Mmin er vel Kunstens Formning, 
en fivets Pulsslag dit! 


",both
URN:NBN:no-nb_digibok_2006082400076,Tilegnelse til 2den Udgave,13,13.0,,,,"l] 


Tilegnelse 


til 2den Udgave. 


Du gav mig af Laden 
En Næve fuld. 

for dig var det Avner, 
For mig var det Guld. 


Jeg spandt det til Traade 
I Dages Rad, 

Jeg sveised det ud 

Til Blomst og til Blad. 


Nu er jeg færdig, 
Og hver faar sit: 
Min er Kunften, 
Men fivet dit! 


9 


",both
URN:NBN:no-nb_digibok_2006082400076,Til Kjærligheden,14,19.0,,,,"Til Rjærligheden. 


D», skjønne, smilende 
Barn af Solen, 
Du Aandens Spore 
Og Baand i Støvet, 
Du alt belivende, 
Alt fortærende, – 
Dig vil jeg vie 
Min unge Lyre! 


Hvem er du, høie 
Hvor stod din Vugge? 
Du, som spænder 
De favnende Arme 
fFra Jord til Himmel, 
fFra Himmel til Helved! 



14 


Fødtes du aarle 

I fivets Morgen, 

Da Skabergnisten 

Paa Altet aanded? 
Hvad eller var du 

Det Ord, som Slangen 
Hvisked vor første 
moder i Øret 

Var du Guddommens Kys 
Paa menneskets Pande, 
Da Edens Porte 
Stængtes for stedse? 
Hvad eller en funke 
gra Helvedes Arne, 

Et Vrængebilled 

Af den, vi tabte? 


Nei, hellig er du: 
I fivets Mulm 
Et Bud fra Lyset, 
En Crøst for Smerten, 
Og maægtig, mægtig 
Som Han, dig skabte, 
Du evigt straalende 
Himlens Datter! 



15 


Jeg saa dig dale 
Paa gyldne Skyer, 
Jeg hørte din vældige 
Vinge bruse, 

Jeg følte dit Kys 
Min Pande streife, 
Isnende, glødende, 
Vanvidsdaarende! 

Da fyldtes Euften 
med deilige Toner, 
Da straalte vor Jord 
Som et nyfødt Eden, 
Da svulmed Barmen, 
Da brændte Kindet, 
Da døbtes mit Væsen 
Mmed Flammedaaben! 


Og ikke jeg spurgte dig, 
Hvorfra du kom, 
Og ei, hvor du førte 
min svimlende Tanke. 
Jeg knælte kun ned 
for at favne din Fod, 
Jeg lukked mit Øie 
I salig Berusning, 
Jeg stammed dit Navn 



16 


med skjælvende Mund, 
Og hedt paa min Tunge 
Et Løfte der brændte. 
 Da var du ei mere, 
Din Skygge jeg saa, 
Kun Tvilen og Savnet 
Beholdt jeg tilbage; – 
men Kysfet, Kysfet, 
Det isnende, glødende, 
Uysset, det sittrende, 
Vanvidsdaarende, 

Det brænder endnu 
Mine smægtende Læber, 
Det vied mit Liv 

Til dit blussende Alter! 


Hvorfor, ak hvorfor, 
Hulde Fortryllerske, 
Kom du ei svævende 
Mmild som en Vaarvind, 
Slig som jeg saa dig 
I Ungdommens Drømme, 
Slig som min Længsel 
Dit Billed har malt ? 
Templet var hvælvet, 
Tronen stod færdig, 



17 


Aabent og længtende 
Laa jo mit jerte, 
Aabent som Engen 

For Daarregn og Solskin, 
Ventende kun paa 

Den spirende Sæd. 
Kunde min Sans da 
Ei bære din Lykke? 
Var jeg ei værdig 

At nyde din Gunst? 
Eller er dette 

Den Lodd, som du skjænker, 
Strenge Gudinde, 

Dine Tilbedere: 

Alting at offre 

Og blive bedragne, 
Intet at vinde, 

Blot lide og dø? 

Er det først da, 

Et dødeligt Bryst 

Kan fatte dit Væsen, 
Kan rumme din Høihed, 
Naar løst fra Begjærets 
Fortærende Flamme 
Vor Længsel stiger 

mod Evigheden 



18 


Et kun jeg ved, 
Kun et vil jeg love: 
Ren er jeg traadt 
Over Tempelets Tæritel, 
Ero vil jeg vogte 
Den hellige Ild! 
Lad saa kun Savnet 
Blive mit Følge, 
Lad saa kun Lykken 
Fly fra min Favn: – 
Engang, jeg ved, 
Dil min Sorg blive Glæde, 
Engang, ja engang 
min Længsel vil ftilles, 
Fordi jeg har lidt, 
Hvad et Hjerte kan lide, 
Fordi jeg har troet, 
Ja, troet paa dig! 


",both
URN:NBN:no-nb_digibok_2006082400076,1,22,22.0,x,,"""Præludier""",,left_only
URN:NBN:no-nb_digibok_2006082400076,1,66,66.0,,,"""Tunge Timer""",,left_only
URN:NBN:no-nb_digibok_2006082400076,1,148,148.0,,,"""Smaa Sange""",,left_only
URN:NBN:no-nb_digibok_2006082400076,1,160,160.0,x,,"""Tankesprog""",,left_only
URN:NBN:no-nb_digibok_2006082400076,2,22,22.0,x,,,,left_only
URN:NBN:no-nb_digibok_2006082400076,2,67,67.0,,,,,left_only
URN:NBN:no-nb_digibok_2006082400076,2,149,149.0,x,,,,left_only
URN:NBN:no-nb_digibok_2006082400076,2,160,160.0,x,,,,left_only
URN:NBN:no-nb_digibok_2006082400076,3,23,24.0,x,,,,left_only
URN:NBN:no-nb_digibok_2006082400076,3,68,68.0,,,,,left_only
URN:NBN:no-nb_digibok_2006082400076,3,149,150.0,x,,,,left_only
URN:NBN:no-nb_digibok_2006082400076,3,161,161.0,x,,,,left_only
URN:NBN:no-nb_digibok_2006082400076,4,24,24.0,x,,,,left_only
URN:NBN:no-nb_digibok_2006082400076,4,69,69.0,,,,,left_only
URN:NBN:no-nb_digibok_2006082400076,4,150,150.0,x,,,,left_only
URN:NBN:no-nb_digibok_2006082400076,4,161,161.0,x,,,,left_only
URN:NBN:no-nb_digibok_2006082400076,5,25,25.0,x,,,,left_only
URN:NBN:no-nb_digibok_2006082400076,5,70,70.0,,,,,left_only
URN:NBN:no-nb_digibok_2006082400076,5,151,151.0,x,,,,left_only
URN:NBN:no-nb_digibok_2006082400076,5,161,161.0,x,,,,left_only
URN:NBN:no-nb_digibok_2006082400076,6,25,25.0,x,,,,left_only
URN:NBN:no-nb_digibok_2006082400076,6,71,71.0,,,,,left_only
URN:NBN:no-nb_digibok_2006082400076,6,151,152.0,x,,,,left_only
URN:NBN:no-nb_digibok_2006082400076,6,162,162.0,x,,,,left_only
URN:NBN:no-nb_digibok_2006082400076,7,25,26.0,x,,,,left_only
URN:NBN:no-nb_digibok_2006082400076,7,72,72.0,,,,,left_only
URN:NBN:no-nb_digibok_2006082400076,7,152,152.0,x,,,,left_only
URN:NBN:no-nb_digibok_2006082400076,7,162,163.0,x,,,,left_only
URN:NBN:no-nb_digibok_2006082400076,Sjøen,28,29.0,,,,"Sjøen. 


Deg stod ved den blanke Sjøen 
En hviskende Aftenstund 

Og stirred i drømmende Tanker 
Ned mod dens dybe Bund. 


Da saa jeg et deiligt Billed, 
Som lokkede ømt og drog; – 
Jeg tror, at det var en Havfru, 
Som Sindet tilfange tog. 


Jeg bøied mig ned mod Vandet, 
Til jeg sank i dets falske Væld; – 
Vogt jer for slige Sjøer 
Især i den stille kvæld! 



28 


Der fidder jeg endnu fangen 
Og venter Befrielsens Stund: 
Thi Sjøen var et Par Oine, 
Hvor aldrig jeg fandt Bund! 


",both
URN:NBN:no-nb_digibok_2006082400076,Tonerne,30,32.0,,,,"[vvsse] 
I 


Tonerne. 


Skumringens Stilhed 
Nun fpiller og synger; 
Paa Conernes Bølger 
Min Længsel gynger; 
med dem den stiger, 
med dem den daler, – 
Thi hun, som jeg elsker, 
I Toner taler 


Der ligger en dragende 
Magt i Sangen, 

Den holder en hemmelig 
Gaade fangen; – 

Den gjemmer det Navn, 
Som vakte de ømme, 
Blyge, bævende 
Jomfrudrømme. 


 s; 



50 


Aldrig i Ord 

Fik det ud sig svinge; 

I Tonerne blot 

Tør det hviskende klinge; – 
I dem tør hun tolke, 

Hvad Hjertet rummer 

Af anende Fryd 

Og af navnløs Kummer. 


Derfor min Sjæl 

De tryllende drager, 
Alt som de vekslende 
Jubler og klager. 

Og medens jeg lyttende 
Derden glemmer, 

I Conerne blander fig 
Spørgende Stemmer: 


Ak, om jeg kunde 

I Templet træde, 

Og plyndre Sjælens 
Uskyldige Rede, 

Og gribe i Flugten 
De flaggreude Tanker, 
Og høre, hvor Hjertet 
I Barmen banfer, 



31 


Vilde mit Savn da 

Slukkes derinde? 

Dilde min Evil da 
Løsningen finde? 

Dilde jeg se da 

Mit Billed dølge 

Sig blandt hendes Længslers 
Luftige Følge? 


– Saa klinger de ængsteligt 
Spørgende Stemmer, 

mens aandeløs lyttende 

Alt jeg glemmer. 

Og Drømmene ind 

I sit Net mig spinder, 
mens Conerne dør, 

Og mens Klangen svinder 


",both
URN:NBN:no-nb_digibok_2006082400076,I krydsilden,33,33.0,,,,"I Krydsilden. 


Jeg stod engang i en Krydsild 
Af smeltende Blikkes Glød; 
Fra jerte ud den strømmed, 
Til Hjerte ind den flød. 


Mmen jeg blev ikke varm af 
De funklende Øines Ild, – 
Jeg følte kun en Smerte, 
Som snøred Brystet til. 


Thi mig ei Straalerne rammed, 
Jeg stod kun paa deres Vei; 
Og den, min elskte elsked, 

Ak – det var ikke mig! 


",both
URN:NBN:no-nb_digibok_2006082400076,Rosen og Tistlen,34,35.0,,,,"2 


* aaan) ] 
l ¹il 


Rosen og Tistlen. 


) Bjertets Blomsterhave 

Der vokste en Rose op. 

I Vaarens Stund den strakte 

Mmod Bimlen sin unge Knop. 

Ved Solens Kys den aabned 

De rødmende Blades Favn. 

 Og Herren var Rosens Gartner 
Og Kjærlighed dens Navn. 


I Bjertets Blomsterhave 

CTil Sommeren saa jeg den. 

men Lys og Darme mangled, 

Og derfor den visned hen. 

Den smægted i Skyggens Mmørke, 

Og Kuldens Pust den bed. 

– Chi Kjærligheds Sol er Lykke, 
Dens fiv Gjenkjærlighed. 



34 


Og Bladene spredtes for Vinden 

Og gjemtes i Jordens Skjød. 

en op af Grunden isteden 

En Giftel sig Deien brød. 

Den strittede stivt i Vinden 

Og lo af Kuldens Gys. 

– Hvad har vel Hadets Tistel 
At gjøre med Sol og Lys? 


Den strittede stolt i Vinden 

Og lo til Solens Skin: 

Styggen vel Rosens Stængel 

Knaæfter, men ikke min! 

Rører man mig, jeg stikker, – 

Mit Dærn er Pigges Brand! 

 Hvor mangt et Menneskehjerte 
Maa trøfte fig ligedan! 


F 


",both
URN:NBN:no-nb_digibok_2006082400076,Bellas Hjerte,36,38.0,,,,"Bellas Hjerte. 


Soø en liden straatakt Hytte 
Drømte hendes Hjerte jeg 
Opad Væggen Vin-Guirlander 
Smukt og frodigt slynged fig. 
Bag de dølgende Hardiner 
Smilte Stuen lun og ren; 

Og – det bedste af det hele – 
Der var bare Plads for en. 


Nu har jeg faat andre Tanfer, 
Hytten sunket er i Grus. 

Nu jeg synes, hendes Hjerte 
figner mest – et Leiehus. 

Bag de dølgende Gardiner 
Smiler Stuen lun og ren; 

men – det skal Vorherre vide! – 
Der er Plads for mer end en! 



36 


Altid er der Omkalfatring, – 
Hendes Husrum er i Vind. 
Naar den ene Leier flytter, 
Drager straks en anden ind 
Ingen slaar sig ned for Alvor, 
Ingen fæster stadigt Bo; 

Nei, de leier kun et Kammer 
For en Maaned eller to. 


Naar saa flyttedagen kommer, 
Staar Værtinden i sin Dør, 
Neier blidt til alle Sider 

Og gjør pynteligt Honnør: 
Daær velkommen, smukke Herre, 
Og farvel, min gamle Ven! – 
Cør kun Taaren, lille Bella, 
Smilet kommer snart igjen! 


 Ogfaa jeg har engang boet 
I det smukke Leiehus – 
Lidet Kammer oppaa Kvisten 
Uden alskens Stas og Krus 
en tilslut det blev for broget, 
Ingen Ro ved Dag og Nat; 
Derfor sa' jeg op til Paaske 
Og tog atter Staven fat. 



37 


Da jeg gif, paa Trappens Trin min 
Efterfølger mødte jeg. 

Koldt vi bukked for hinanden, 
Mmedens Bella neied sig: 

Dær velfommen, smukke Herre, 

Og farvel, min gamle Den! – 

Tør kun Taaren, lille Bella, 

Du har jo faat en igjen! 


",both
URN:NBN:no-nb_digibok_2006082400076,Visitten i Helvede,39,45.0,,,,"Visitten i Helvede. 


Min Frøken, en løierlig Tanke 
Idag i min Bjerne tog Plads. 
I Aanden jeg saa Dem at banke 
Paa Porten til Satans Palads 


Og for nu mit Bjerte at lette 
Og Dem at forbedre kanske 

Jeg vil Dem sandfærdigt berette, 
Hvad der jeg fik høre og se. 


– I forgaarden, mens De maa vente, 
Der lyder Velkommen'er nok; 

Ho-ho, det er gamle Bekjendte 

Blandt Stenenes myldrende Flok. 



59 


Dørvogteren letter paa Hatten: 
«Min Frøken, Slitagen er svær, 
Og derfor hver eneste Klatten 
Af Brosten velkommen os er. 


Di har nok holdt ordentlig Regning, 
Hver Gang paa et Forsæt De bar; – 
o-jo, af vor Forgaards Brolægning 
De store Fortjenester har! 


Crin ind, se der staar Principalen!» – 
Dørvogteren hastigt forsvandt, 

Og inde i Helvedes-Salen 

Hans Høihed Dem hilser galant: 


 ,Godmorgen, min Frøken, forbunden 
For Æren af Deres Visit; 

men ærligt jeg tilftaar, igrunden 

Jeg vilde Dem helst være kvit. 


At sige, forstaar sig, for Tiden, – 
Jeg nægter ei nogen Logis; 
men det kan vi tale om siden, – 
Nu er der ei mening deri. 



40 


Vor elskede Jord at berøve 

Slig Skjønhed er ei jeg tilsinds; – 
Lidt vakkert den vel kan behøve 

Til Trøst for al Styghed, som finds. 


Jeg kjender jo Deres Talenter, 

Som ofte beundret jeg har; 

men netop af den Grund jeg venter, 
Forinden Dem til mig jeg tar. 


Jeg ved nok, at Ilden, De skuer 
Herinde langs Væggene spændt, 
Er spag mod de tærende Ener, 
De tidt har i Hjerterne tændt. 


Se, det kan jeg like, min frøken, 
Sligt Syn kan opkvikke ens Krop, – 
Det er noget andet end Røgen, 
Som stiger fra Altrene op! 


 Der endnu gaar virkelig Bengler, 
Som tror paa «det gode» og sligt 
Og mener, at Kvindfolk er Engler 
Og fivet et lokkende Digt. 



*1 


Om «Kjærlighed» stadig de pjatter, – 
Den holder de frem som et Skjold. 
Dens Væsen kun taaget jeg fatter, 
men ønsker den – Pokker i Vold! 


Dens Virkning er ganske mærkværdig, – 
Den Ting har jeg tidt tat iagt: 

Jeg ofte har troet mig færdig, 

Havt Eegem og Sjæl i min Magt; – 


Saa tog de med et paa «at elske», 
Og Spillet jeg tabte igjen. 

Til Lam blev de værste rebelske 
Og Ufslinger næsten til mænd. 


Selv Spottere pludselig kjærligt 

Tog Plads iblandt Sværmernes Kor, – 
Og alle fandt Livet saa herligt 

Og skjøn den elendige Jord. 


 De lærer dem af med den Grille, 
Og det gaar i en – to – tre, 

Saa snart der ei findes en Fille 
Igjen af den dumme Ide. 



42 


De viser, at «Ginenes Flammer», 
Som Narre saa daarende fandt, 

Ei altid fra Himlen de stammer, 
Men ogsaa – fra Helved iblandt. 


De lærer, at Barmenes Bølger, 
Som Blodet til Kinderne jog, 

Ei altid et Hjerte de dølger, 

men stundom – en hvislende Snog. 


De viser, kun Daarerne bygger 

Sit Haab paa en rødmende Mund; – 
Tro paa den, naar Maden den tygger, 
Det andet er – Mundsveir kun. 


De kommer med Smil og med Eatter 
Og smisker, – til jertet er tabt 
De Stakkrer, – den næste Dag atter 
En ny De har Salighed skabt. 


Naar alle til Slutning saa svor paa, 
At alting var Løgn og Bedrag, 
Og ingenting mere de tror paa, – 
Se, da har jeg vundet mit Slag. 



43 


Da ved jeg, at hvor de sig vender, 
Til Helvede bær det engang. 

Og mine Principer De kjender: 
Jeg giør ei Passagen for trang. 


Nei, Vanskeligheden bestaar i 

At bringe dem rigtig paa Vei; 
Er det først beførget, det gaar i 
mod Maalet i fygende Fei 


Den Rolle, min deilige Slange, 
Den spiller De mesterligt godt. 
O, havde som Dem blot jeg mange, 
Saa skulde vi her leve flot; – 


Saa skulde vi snart holde fester 
Paa «brændende Hjerter» hver Dag 
Og bryde os Pokker om Præster 
Og andre af lignende Slag. 


– Det er min oprigtige Tolkning 
Af Cak for, min Hjælper De var; – 
Jo jo, af vort Riges Befolkning 

De store Fortjenester har! 



44 


Og derfor – jeg er Dem forbunden 
For Æren af Deres Visit; 

men nu, maa ieg fige, igrunden 
Jeg vilde Dem helst være kvit. 


fFarvel og god Lykke, min bedste, 
Bliv ved kun, som De har begyndt, 
Saa skal ved vort Møde, det næste, 
De slippe at tigge mig tyndt!» 


– Jeg hørte med Porten en Dunfen, 
Saa Vogteren ta' til fin Hat, – 

Og i mine Tanker hensunken 

Som før sad jeg atter forladt. 


en hemmelig tænkte jeg dette: 
Den Fanden, det er dog et Fæ, – 
Han tror, han skal faa en Kofette 
Og saa faar – en Nonne han se! 


fæ 


",both
URN:NBN:no-nb_digibok_2006082400076,Amors Besøg,46,50.0,,,,"Amors Besøg. 


Freenen sad i sit Jomfrubur, 

Mmens vide Tankerne vanked 

Til Takten af Stuens pikkende Uhr, – 
Da raskt paa Døren det banked 


Ind tren en erre strunk og stram, 
Med Briller og Barter svære. 

Han hilste paa hende og hun paa ham 
Og spurgte: «Hvem har jeg den Ære?» 


«De husker mig ikke?» forundret han spør 
Og Øinene paa hende hefter, 

«Jeg er Gud Amor, – De kjender mig før, 
,Naar bare De tænker Dem efter. 



46 


Amor, som altid De for Dem saa 

I Ungdommens smilende Drømme, – 
Gud Amor, som engang De kaldte paa 
med Navne saa kjælne og ømme!» 


 ,De Gud Amor, De frække Mand,» 
Bun roper halvveis foruærmet, 

«Og sligt tror De virkelig, at De kan, 
Min Herre, mig binde paa Ærmet! 


Amor, – den lille legende Gud 
med den skjæ mske, lystige Latter! 
Som Snipper ser ei hans Vinger ud, 
Og en Stok ei hans Bue erstatter! 


Om Panden flommer hans krøllede Haar, – 
I Nakken han neppe det skiller, – 

Og for at slaa sine Hjertesaar 

Behøver vist ikke han – Briller!» 


 ,Min Frøken, spar Deres spydige Spot,» 
Saa gjensvarer Herren alvorligt, 

«De har nok, det kan jeg mærke godt, 

Kun fuløt med Tiderne daarligt. 



47? 


Som der Ve siger – med flaggrende Haar 

Og uden saapas som en Skjorte – 

Jeg fommer fun en Gang i Ungdommens Vaar 
Og banker paa Hjertets Porte. 


Da funkler ens Øie, da brænder ens Kind, 
Og Hjertet af Salighed hopper, – 

Da gaar der et Pust som af Vaarens Vind 
Henover de spirende Knopper. 


Slig fom jeg jo ogsaa til Dem engang: 

Min Kjærligheds Kval jeg forklarte; 

Jeg bad Dem at lytte til Hjertets Trang« – 
Men husker De saa, hvad De soarte? 


De spurgte mig spodsk, om jeg hefted mit Sind 
Ved Digternes dumme fortælling, 

At man kan leve af Nordenvind 

Og mættes af Maaneskinsvælling. 


De kaldte mig selv for en opløben Gut, 
Mit Frieri feitet og skjændigt, 

Og bad mig pakke mig hjem tilslut – 
For at klæde mig mere anstændigt! 



q48 


Nu fynes jeg felv, at min hele Færd 
Dengang var noget for luftig; 

Nu taler jeg ikke om Kjærligheds Værd, 
sor – nu er jeg bleven fornnftig. 


Nu beder jeg heller om Hjertet ei, 

Uun om Haanden,  og neppe jeg feiler 
I, at De nu vil betragte mig 

Som en ganske høvelig Beiler.» 


Han gjorde for hende et høfligt Buk 

Og bød hende smilende Armen. 

– hvem ved, hvad der laa i det lønlige Suk, 
Som steg hende op ifra Barmen! 


Var det en Gjenklang af Angrens Slag, 
Som brudt gjennem Sjælen toned 
Hvad eller et Lettelsens Aandedrag, 
Fordi hendes Haab blev kronet? 


Ja, derom faar ingen den mindste Besked, 
Og ingen behøver det heller. 

Tanker er toldfri, og Sukke med, 

Og her jeg kun fFakta fortæller. 



49 


Dift er det, at rødmende Haanden frem 

Hun gav til den budte Forening. – 

Ei noget paa Jorden er godt som – et Bjem, 
Var troligvis Frøkenens Mening. 


Men siden, saa ofte man nævnte en fiit 
Af den lille farlige Skytte, 

Bun rysted paa Hodet og paastod forvist, 
At – det er bare en Mythe! 


",both
URN:NBN:no-nb_digibok_2006082400076,Alvorsord,51,55.0,,,," fFgg 


Alvorsord. 


Du fik Naturens bedste Gaver 

Af Eykkens Fe paa Vuggen lagt: 
En Unde, rig som Sydens Haver, 
Og Aand, som gav din Ynde Magt 
Du kunde Lys og Varme fprede 
Der hvor du vilde skabt et Hjem; 
Kun Skade, du fandt større Glæde 
I Ufreds Aand at mane frem! 


Jeg drev for Fantasiens Strømme 
Mmod Idealets ante pragt. 

Du kom, – og mine vege Drømme 
fik CLivets Form og Sandheds Dragt 
3eg Uskylds Sne saa paa din Pande 
Og Himlen i dit klare Blik; – 

Ak, skuffet Tillids Helvedsbrande 
Var alt, hvad jeg tilbage fik 



51 


Du stod der  ranf, mens lyst det glittred 
Af dine Lokkers gyldne Flod; 

Du saa paa mig, – og gjennemsittret 

Af dine Øines Ild jeg stod. 

I dem jeg Solens Glød velsigned, 

en blandt dens Dyder glemte en: 

Ak, deri og de Solen ligned, 

At lige de paa alle sken! 


Og som du henad Veien dansed 

I Skjønheds flaggrende Gevandt, 

Og mens beundrende jeg stansed, 
fFortabt i Synet, før det svandt, – 
En Skygge dig i Hælen fulgte, 

fig Somrens flor den blege Høst; – 
Nu skal du fe, hvad Stallen dulgte, 
Og høre Sandheds Alvorsrøst! 


Du lod dit Hjertes rige Skatte 

For alle Vinde hvirvles om; 

Men kan du ei, min skjønne, fatte, 
Din Kiste derved snart blir tom? 
Den Tjener ei sin Herre hued, 

Som grov sit Pund i Jorden ned; 
Men tror du vel, det bedre dued 

Sin Aands Talent at – høkre med? 



52 


Du legte, Katten lig med musen, 
med dine Offres Kjærlighed 

Og lod dem fryde sig i Rusen, 

Til deres Krumfpring du blev kjed. 
De, som for Alvor optog Spøgen, 
Paa dine Euner brændte sig; – 
Men saa du ei for Dirafrøgen, 

At andre mored sig med dig? 


Du fivet som et Bal betragted, 

Hvor Glædens Rose blev dig rakt 
For næste Dag at bli' foragtet 

I Mindets Skrammelskuffe lagt 

Der skal du engang frem den hente, 
Naar Dintren dækker Daarens Spor; - 
Mmen husk, den Skat gir ingen Rente, 
Og dens Værdi er ikke stor. 


Hvad vil du finde der, naar trættet 
Af Tant og Fjas du søger Fred 

Og tænker paa, hvad du har mættet 
Din Sjæl paa Livets Vandring med 
En Krans af visne Blomfter bare, 
Hvor ingen Frugter staar igjen, – 
Erindrinastegn fra Smigrens Skare, 
men intet fra en trofast Den. 



55 


Thi han ei nøies vil som Hunden 
Mmed Smuler fra sin Herres Bord; 
Han vil ei slikke fig om munden 

For hvert et naadigt Smil og Ord; 
Han vil din lette Gunst ei dele 

med hver, som gaar din Dør forbi; – 
Han fordre vil din Sjæl, den hele, 
Og ak, den kan du ikke gi'! 


Den har du myntet ud som Penge, 
Der vandrer rundt fra Mand til mand; 
Den har du leflet med saa længe, 

At du den selv ei kjende kan. 

men engang vil dens brudte Stemmer 
med Magt til Regnskab kræve dig, 

Og Synd, som nu dit Letsind glemmer, 
med Crusel spærre dig din Vei. 


Da skal du se dit Liv som Avner 
Forsvinde nedad mindets Elv; 

Da skal du mærke, hvad det gavner 
At vinde alt – kun ei sig selv. 
Da skal du ræddes for at høre 

Din Ungdoms brustne Røst igjen; 
Da skal det runge for dit Øre: 

Ve den, som gav Forargelsen! 



54 


Nu har jeg talt, og Harmens Fakkel 
Jeg slukker ud og kaster bort 

Lad Stormen slide Taug og Takkel, – 
Det gjør blot Pinen mere kort! 

Mmen skal du flere Hjerter fange, 

Du skjønne Buldre, paa din Vei, 

Saa gid du ei maa møde mange, 

Hvem Pilen rammer dybt som mig! 


",both
URN:NBN:no-nb_digibok_2006082400076,Tømmermænd,56,60.0,,,,"Cømmermænd. 


Naar man drak fig fuld om Kvælden, 
Kjender man om Morgnen efter 
CTømmermænd i Hjerneskallen 
Hamrende af alle Kræfter. 


Man vil tænke, man vil virke, 
Glemme Nattens yre Rasen; – 
Tømmermændene paa Porten 
Jager fluksens hele Stasen. 


Haardt de hamrer, trutt de banker, 
Indtil træt man gir sig over, 
Lægger Hodet ned paa Puden, 
Gnsker, at man atter sover. 



56 


– Netop slig jeg ogsaa har det, 
Skjønt jeg ei om Natten rumled, 
Og skjønt ikke Vinens Dunster 
Gjorde Hodet mit fortumlet 


Mmen i Rus jeg dog befandt mig: 
Kjærlighed var Flaskens Mærke, 
Og da jeg af Rusen vaagned, 
fFølte jeg mit Hoved værke 


Jeg vil tænke, jeg vil virke, 

Hele mig med Glemsels Plaster; 
Tømmermændene paa Porten 
Fluksens hele Stasen kaster 


Haardt de hamrer, trutt de banker 
Hendes Navn med tunge Klubber, 
Spigrer det i Hjernekassen 

Fast med tusind spidse Nubber. 


Overalt imøde glor det, 

Bort fra Gret op til Issen; – 
Dil paa andres Navn jeg tænke, 
Hendes kommer dog i Spidsen! 



57 


Og det yrer og det myldrer 
Frem af alle Hul og Bjørner; – 
Hvor kan jeg paa andet tænke, 
Naar mod det jeg stadig tørner? 


Tom mig synes Hjernen være; – 
Den er iffe tom -- desværre, 
men den ene Forestilling 

Gjorde sig til alles Herre. 


Den er ikke tom desværre, – 
Den er fuld, se det er Tingen, 
Fuld af gamle brudte Stumper 
Af et Haab, som knækked Vingen. 


Nu det kan ei længer flyve; 
Splintret ligger det derinde 
Som en kold og livløs Masse, 
Der ei Veien ud kan finde. 


Derfor det i Panden banked, 
Derfor det for Øret sused; – 
Og hvad hjalp det vel, jeg lovte 
Aldrig mer at bli' bernfet 



58 


– Naar man drak fig fuld om Kvælden 
Og blev smaaøid Dagen efter, 

Varte det dog ei saa længe, 

Før man atter kom til Kræfter. 


Bodet ned i Vaskebollen 

Og et rent Glas Vand i Struben, – 
Dermed har man gjerne klaret 
Virkningen af BrændvinsSupen. 


Her ei noget saadant nytted: 
Faafængt badede jeg Hodet, 
Faafængt, faafængt jeg forsøgte 
Gyde iskoldt Vand i Blodet. 


Mer det kun i Panden værked, 
ler det kun i Blodet brændte, – 
Indtil jeg, fortvilet næsten, 

Lod en gammel Doktor hente. 


Roligt han paa Pulsen følte 
Langsomt han paa Hodet rysted; 
Intet Under! thi mit Hjerte 
Hamred ellevildt i Brystet! 



59 


Klogt var vist det Raad, han gav mig, 
Om dets Mening ret jeg fatter: – 
Her, min Ven, ei andet hjælper 

End at drikke fuld sig atter 


Ellers kan man sig forbedre, 

men, – sa' lunt den gamle Kallen, - 
Har først faadan Rus man tat sig, 
Er man – redningsløst forfalden! 


",both
URN:NBN:no-nb_digibok_2006082400076,Drømmesyner,61,63.0,,,,"Drømmesyner. 


En Nat, jeg vandrede paa Drømmens Deie, 
Steg Kjærlighedens Engel til mit Leie, 
Og før jeg blændet kunde Blikket dølge, 
med Haanden vinked han og bød mig følge. 


En Svalhed straks mit Dæjen gjennemftrømmed, 
Paa lette Vinger vi i Luften svømmed; 

Saa för vi did, hvor Evigheden bygger 

Et Livets CTempel mellem Dødens Skygger 


Først kom vi til en Egn, hvor mørke ruged 
Og gustne Kroppe klamt i Favnen knuged; 
De nøgne Lemmer slikked Frostens Cunger, 
Og deres slunkne Træk skreg høit om Hunger. 



61 


Se, sagde Englen, mens han rynked Brynet 
Og vendte sig med Gysen bort fra Synet, 
Der ligger de af Angrens Kvaler naget, 
Som den, de elsked, troløst har bedraget 


 Og op vi steg igjennem Skoddens Banke; 
Der saa jeg blege Skygger rastløst vanke; 
Mmed sløve Blik de famled om iblinde 

Og søgte en, de aldrig kunde finde. 


Der ser du dem, lød Røsten ved min Side, 
Som for sin lave Sjæl maa Straffen lide; 
Sin Kjærlighed de sveg, af Rigdom fristet, 
Her søger frugtløst de, hvad de har mistet. 


– Nu lysned det, mens altid op vi svæved; 
Da saa en Flof jeg, fattig og forrevet; 

De taust og stille sad og med et eget 
Livstrætheds Udtryk i sit Aasyn præget. 


Hid, lød min Førers Røst, blir alle sendte, 
Som ei til Kjærlighedens Længsler kjendte; 
De Hjertets bedste €iv har aldrig levet, – 
Derfor er Tomhed deres Følge blevet. 



62 


– med ett i Straalevarme Taagen smelted, 
Og over Skyer, der som Vover vælted, 
Jeg Par paa Par saa ved hinandens Side 
Paa hvide Vinger gjennem Luften glide. 


Da smilte Englen, og for Gret suste 
Igjennem Toner, som min Sans beruste: 

Her samles alle deres Sjæle sammen, 

Som tro paa Jorden næred Guddomsflammen! 


– men de, jeg spurgte, og min Stemme bæved, 
Som tro mod Kjærlighedens Bud har levet, 
Men den, de elsked, aldrig kunde vinde, – 
Hvor skal jeg disse efter Døden finde? 


Tys, Englen hvisked, Kjærlighedens Gaade 
Kan ingen Sjæl i Støvets Lænker raade. – 
Han mine Øienlaag med fingren rørte, 
Og Natten dulgte, bvad jeg saa og hørte 


51 


",both
URN:NBN:no-nb_digibok_2006082400076,8,73,73.0,,,,,left_only
URN:NBN:no-nb_digibok_2006082400076,8,153,153.0,x,,,,left_only
URN:NBN:no-nb_digibok_2006082400076,8,163,163.0,x,,,,left_only
URN:NBN:no-nb_digibok_2006082400076,9,74,74.0,,,,,left_only
URN:NBN:no-nb_digibok_2006082400076,9,153,154.0,x,,,,left_only
URN:NBN:no-nb_digibok_2006082400076,9,163,164.0,x,,,,left_only
URN:NBN:no-nb_digibok_2006082400076,10,75,75.0,,,,,left_only
URN:NBN:no-nb_digibok_2006082400076,10,154,155.0,x,,,,left_only
URN:NBN:no-nb_digibok_2006082400076,10,164,164.0,x,,,,left_only
URN:NBN:no-nb_digibok_2006082400076,Omvendelse,76,77.0,,,,". 


S] 


F7 Wyr 


Omvendelse. 


Je har stadig noget skeptisk 
Mig til Troens Dogmer stillet 
Og i visse Lærepunkter 

En forhærdet Kjætter spillet. 


Jeg har aldrig magtet sværge 
Helt til nogen Kirfes Faner; – 
fige invis forekom mig 
Katholif og Cutheraner. 


men i en Ting er jeg nylig 
Af Erfaring bleven sikker, 
De har Ret i sit System, de 
Orthodokse Katholikker. 



76 


Uden Prutuing, her som hisset, 
Gjælder Troen hos de fromme: 

Man maa gjennem Skjærsilds-Flammen 
for i Himlen ind at komme! 


",both
URN:NBN:no-nb_digibok_2006082400076,Hun er min!,78,79.0,,,,"Hun er min! 


Er det kommet for fremmedes Gre? 
Har du sagt det, du hviskende Vind? 
Har du sagt, hvad kun jeg skulde høre: 
Hun er min, – hun, jeg elsker, er min! 


gor mit Øre med Kloffer det ringer, 
I mit Bryst som en Stormvind der gaar, 
Rundt omkring mig det dufter og klinger 
Som en Sang om den nyvakte Vaar! 


Jeg har jublet og kysset og krystet, 

Hun har hvisket og sukket og smilt! – 
Hvorfor sprængtes ei Hjertet i Brystet, 
Hvorved nys hendes Hoved har hvilt? 



78 


Tør jeg tro paa en Lykke som denne, – 
Paa et Liv uden Ønffer og Savn? 

Er ei Jorden for trang til at spænde 
Om en fryd uden Grænse og Navn? 


Tag i Favn mig, du brusende Bølge, 

Kjøl med Skumsprøit mit brændende Kind! 
Lad mig ftige i fuglenes Følge 

Op mod Himlen, du susende Vind! 


– Nei, o Jord, du som lokkende breder 
For mit Øie din ukjendte Vei, 

Du, som hørte de luende Eder, – 

End jeg kan ikke skilles fra dig! 


$ad mig leve endnu, – lad min Lykke 
Staa fin Prøve i Livskampens Dyst! 
Lad mig leve endnu, – lad mig trykke 
Hele Verden til jublende Bryst! 


$ad mig leve endnu, – lad mig leve, 
Om saa Lykken skal fynfe i Grus, 
For at Sjælen kan skjælve og bæve 
I Erindringens salige Rus! 


g 


",both
URN:NBN:no-nb_digibok_2006082400076,Stille Lykke,80,81.0,,,,"1 


[3 W 1 
ggg 


p 


Stille Lykke. 


Er det sandt, du min elskte, 
At jeg eier dig hel, – 

Hvert et Smil paa din Læbe, 
Hvert et Suk fra din Sjæl 
Er det sandt, at mit Billed 
Ene fylder dit Sind, – 

At i Evighed altid 

Du er min, du er min? 


O, saa kom da og læg dig 
Med dit Bryst ind til mit, 
For at Hjertet kan føle, 
Hvor det banker mod dit, 
For at tyst jeg fan hviske, 
Hvad jeg salig har drømt; – 
Nei, jeg kan ikke sige, 

Hvor jeg elsker dig ømt! 



80 


Jeg blir taus, naar jeg lytter 
Til din Tales Musik, 

Jeg blir stum, naar jeg drukner 
I dit tindrende Blik; 

Og dit Kys, – nei, nu vil jeg 
med min Snak holde ind, – 
Thi min Mund kan ei taale, 

At du kysser mit Kind ! 


",both
URN:NBN:no-nb_digibok_2006082400076,Kjærlighedssang,82,83.0,,,,"V  t PN 


Rjærlighedsfang. 


Jeg speided blandt Stjernernes Hær efter Himlen; – 
Jeg fandt den hos dig midt i Menneskevrimlen! 


3eg Sandheden føgte blandt tørre Begreber; – 
Nu drikker jeg den af to rødmende Læber! 


Jeg tænkte, at Saligheds Løfter var Løgne; – 
Da fandt jeg den gjemt i to straalende Gine! 


Jeg mente, at slukket var Kjærligheds Kjerte; – 
Nu ved jeg, den bor i dit trofaste Hjerte! 


– Ogøg derfor, min elskte, kun faafængt du beder 
Mmig Blikket at løfte mod høiere Glæder. 



82 


Og derfor det nytter kun lidet at klandre, 
At sjelden jeg søger mit Selskab blandt andre. 


Saa længe dit Øie af Kjærlighed straaler, 
Jeg ynker de Stakkrer, som Stjernerne maaler. 


Saa længe dit Hjerte af Kjærlighed banker, 
Kun der vil jeg hvile de flaggrende Tanker. 


Dit Bud er min Lov, og din Favn er mit Eden; – 
Hvor kan man saa byde mig Himlen isteden! 


æ 


",both
URN:NBN:no-nb_digibok_2006082400076,Min Skat,84,85.0,,,,"S» 
IS 


Min Skat. 


Det aldrig har stemt med mit Ungdomssind 
At være en knarrvorren Gnierpind, 

Der sidder ved Dag, der sidder ved Nat 

Og ruger over sin døde Skat. 


Langt visere, tænkte jeg, er da han, 

Som tærer paa fivet saa godt han kan, – 
Gir nd, hvad han har, tar Resten paa Borg 
Og lar hver Dag ha' nok med sin egen Sorg. 


- Jeg Daare, hvor er det vel nu blit af 
Den flothed, som jeg min Beundring gav? 
Jeg vandt mig en Skat, jeg følte mig rig, – 
Og straks blev jeg netop hin Gnier lig! 



84 


med Glæde jeg holdt under Caas og Slaa 
Min Rigdom gjemt i en ensom Draa, 

Og ei har jeg Raad, skjønt Eagret er stort, 
At give en eneste Styver bort 


Chi Skatten, som jeg paa min Livøvei fandt, 
Var Kjærligheds trofaste CykkesPant; 

Og dyrere Skat, det sikkert jeg ved, 

Paa Jorden ei findes i Evigbed. 


Se, derfor det er, jeg har skiftet Sind 
Og er bleven en knarrvorren Gnierpind, 
Der sidder ved Dag, der sidder ved Nat 
Og ruger over min kjære Skat! 


k 


",both
URN:NBN:no-nb_digibok_2006082400076,Dithyrambe,86,88.0,,,,"Dithyrambe. 


$o andre fynge i Salmetoner 

Om Flugt fra Jorden og Himlens Lyst; – 
Jeg synger heller om jordisk Lykke 

Og himmelsk Fryd ved et elsket Bryst! 


Lad andre sværme for Stjernevrimlen 
Og prise Livet i Bod og Bøn; – 
Jeg priser ene mit Hjertes Dronning, 
Og hendes Smil er min Sangerløn! 


– Hhvor mildt det vifter, hvor lyst det blinker 
Hpvor sødt det dufter i Vaarens Stund! – 
Nu vil jeg male min elsktes Billed 

I Duft og Farver paa Tonebund! 



86 


Jeg dypper Penslen i Morgenrøden, 
Jeg røver Rosernes Hjerteblod; 
Dermed jeg stænker paa hendes Kinder 
Et Skjær af CLivsbølgens Purpurflod. 


Jeg stryger Støvet af Sommerfuglen, 
Jeg plyndrer Svanernes Silkedun; 

Saa fin er Halsen, saa hvid er Skuldren 
Og Bølgebarmen saa blød og lun. 


Jeg sænker Blikket bag hvide Skyer 

I Himlens bundløse Azurblaa; 

Saa sank min Sjæl i et Hav af Lykke, 
Saa tidt jeg i hendes Øine saa. 


Jeg suger Duft af Linnters Kloffer 
Og af Syrinernes Blomsterdrys; 

Saa kjælent strvger mig hendes Aande, 
Saa sødt beruser mig hendes Kys. 


Ja, hun er deilig, min Sjæls Veninde, 
men deiligst er, hvad hun hvisker mig; 
Hvis CLiljen sang, og hvis Rosen talte, 
Saa mildt og lokkende lød det ei. 



87 


Det fylder Enften med Fnglefvider, 
med stilhed og Bryllupsklang; 
Det løfter Sjælen fra Hverdagslarmen 
mod Evighedernes Englesang. 


Og derfor – lad kun i Salmetoner 

De andre synge om Himlens Lyst; – 
Jeg synger heller om jordisk Lykke 

Og himmelsk Fryd ved min elsktes Bryst! 


Lad andre sværme for Stjernevrimlen 
Og prise fivet i Bod og Bøn; 

Jeg priser ene mit Hjertes Dronning, 
Og hendes Tak er min Sangerløn! 


",both
URN:NBN:no-nb_digibok_2006082400076,Gudskelov!,89,89.0,,,,"Gudskelov! 


Du stod for mine Øine 
Saa ren som Ciljens Stengel. 
Jeg kyssed dig paa Panden 
Og kaldte dig en Engel. 


men nei, min egen elskte, 
Det kunde jeg ei mene, – 
Da fløi du langt ifra mig 
Og lod mig staa alene! 


Og derfor  vel med Himlen 
Jeg ligner dine Blikke; 

en gudskelov, min elskte, – 
En Engel er du ikke! 


",both
URN:NBN:no-nb_digibok_2006082400076,Min Stolthed,90,91.0,,,," (1⁶ 2æ( 
I STSSS337 SST3177 
FFFFF 


—5—-77] 


Min Stolthed. 


Da kalder mig siolt og kanhænde jeg er det. 
Jeg lar mig ei tøile 
Af dumme og luvslidte Daners Tvang, – 
Jeg holder for meget paa Mennefteværdet 
Til vydmygt at bukke for Rigdom og Rang, – 
Til feigt, ved at trues med Peters Nogle, 
At lade min Aand 
Kues og knebles af Troens Bøile 
Og lægges i Trældoms fornedrende Baand. 
men mod dig, du min eneste, 
Skjæreste, reneste, 
Duftende Blomst paa min Eivfensvei, – 
Mod dig, min Stolthed, er stolt jeg ei! 
Du ved jo saa godt, 
Du min deilige Brud, 
At saasnart dine Læber sig aabner blot, 
Og dit Øie blidt 



med Bøn eller Bud 

moøder paa Kjærligheds Deie mit, – 

Straks bliver min Stolthed til Taushed bragt 
Ved Mildhedens Magt, 

Straks føler jeg som i en Helligdom 

mig god og from; 

Og alt, hvad i Gjerning, i Ord eller Tanke, 
Af Letsind og Trods jeg har gjort dig imod, 
Hvad harmfuldt mit Hjerte har bragt til at banke, 
Det lægger med Glæde jeg ned for din Fod 
Og i Øiet dig ser 

Og angrende dig om Cilgivelse ber 

Og bliver ei glad, 

Før alt du har git mig, hvorom jeg badl 


p 


",both
URN:NBN:no-nb_digibok_2006082400076,Aftenhvisken,92,95.0,,,,"Iftenhviffen. 


Rom, min elskte, lad de andre 
Sladdre kun om Lampelyset; – 
Vi vil liste os i Haven, 

Hvor de lune Vinde vifter, 

Vi vil sætte os paa Trappen, 
Hvor det tætte Løvværk hænger, 
Og betragte Maaneglansen 
Over gjel og Skov og Sjø. 


– Nei, nu lyver jeg, du kjære, 
Op i dine aabne Øine: – 

Det er dig, jeg vil betragte, – 
Ikke Maanens blege Skive 

Mmed de kolde midnatsStraaler, 
men dit Anfigts varme Dagglans 
Mmed de friske Rosenkinder 

Og dit Væsens dybe Strømme 
Under Hiets Farvefpil. 



92 


– Hvor du ser paa mig, min elskte, 
Som du vilde gjennemtrænge 
Hvert et Minde fra det svundne, 
Før dit lyse Blik jeg mødte, 
Hver en Tanke let, der siden 
Gjennemflaggret har mit Sind! 
 Se mig kun i Sjælen, elskte, 
Aabne mine Hjertekamre, – 
Intet, intet vil du finde, 

Som jeg ikke alt har sagt dig, – 
Ingen Tanke, intet Minde, 

Hvor ei du, ei du er med! 


O, jeg har saa ofte tænkt, 

Naar jeg saa de andre jage 
Efter Glædens Sommerfugle, 
Mmens jeg selv stod kold og rolig 
Og den muntre Leg saa til: 
Hvorfor er du ikke med? 
Hvorfor banker ei dit Hjerte 

Ded den Lyst, som audre lokker, 
Hpvorfor lar du Rosen visne, 
Mmens den blomstrer for din Fod? 


Mmen nu ved jeg det, du kjære: 
Du var endnu ikke kommen, 



95 


Du min Livsens Lyst og Glæde, 
Du min fagre Foraarsbrud! 

Du stod bag, om ei jeg saa dig, 
Dig jeg vented, før du kom! 

Alt, hrad skjønt og godt jeg evned, 
Alle Hjertets omme Længsler, 
Samled jeg som dyre Skatte 

Til en Krans for dig, min Dronning! 
Og nu takker jeg min Skjæbne 
fFor, at jeg kan sige til dig: 

Se mig kun i Sjælen elskte, 

Aabne mine Hjertekamre, – 
Intet, intet vil du finde, 

Som jeg ikke alt har fagt dig, – 
Ingen Tanke, intet Minde, 

Hvor ei du, ei du er med! 


Derfor kan jeg, hel og fri, 
Unæle ned for dine Føder 
Og foruden Angst og Anger 
Drikke af dit klare Blik 
Derfor kan jeg, ung og varm. 
Elskovs ømme Sder sværge: 
Ingen har dens Blad besudlet, 
Ingen deler den med dig. 
Derfor kan jeg stolt og glad, 



v4 


Cænke, naar din Mund jeg kysser, 
Og en overjordisk Lykke 

Drysser Stjerner for mit Blik: 

$ad blot andre kunne byde 

mer af Guld og Magt og Ære, – 
Ingen kunde dog dig give 

mere fuldt og varmt et Bjerte, 
Ingen, ingen kunde skjænke 

Dig en større Kjærlighed! 


–7698 


",both
URN:NBN:no-nb_digibok_2006082400076,Godnat!,96,96.0,,,,", 


Godnat! 


Godnat, du min elskte, alt sildigt det er, – 
Hvor Timerne flyver hos den, man har kjær! 
Et Kys kun paa Veien, et Haandtryt dertil, – 
Og saa maa vi skilles, hvor nødigt vi vil! 


Mmen Drømmen skal bygge, hvad Natten rev ned, 
I den skal jeg tage dit Billede med; 

Ogûg langt blir jo heldigvis ikke vort Savn: 
Snart mødes vi atter i Morgenens Favn! 


Og derfor vi skilles kan, freidig i Hu. 

Et Kys kun til Afsked, – et Haandtryk endnu! 
– Godnat, du min elskte,  ti tusind Godnat, 
Min egen, min kjære, min eneste Skat! 


æÆ 


",both
URN:NBN:no-nb_digibok_2006082400076,Længsel,97,99.0,,,,"1 1 119 V ; i 
svn rnrr 91 


Længsel. 


Høir Tanken havde Vinger, hvis Vinden havde Ord, 
Saa ved jeg, hvad den sagde, saa ved jeg, hvor den fôr; 
hHvis Ringen paa din Finger kunde tolke mit Savn, 
Saa gjorde den ei andet end at nævne dit Navn! 


men Tanken har ei Vinger, og Vinden har ei Ord, 
Og stum er ogsaa Ringen, der sig om Fingren snor; 
Og derfor, du min elskte, du aner det ei, 

Hvor brændende bestandig jeg længes efter dig! 


Høit tusind Røfter summed omkring mig paa min Gang, 
Men høiere end alle din rene Stemme klang. 

Klart saa jeg Strandens Billed i Vandet speile sig, 
Men klarere jeg syntes, dit Billed stod for mig. 



97 


Hpvert Blik, hvori forklaret din Sjæl fig præged af, 
Hvert Kys, som mig Besegling paa dine Løfter gav, 
Hvert kjærligt Ord, du hviskende har mig i Øret fagt, 
Alt drager mig imod dig med tryllende Magt. 


Før vidste jeg ei selv, hvor min Længsel vilde hen, 
Saa ofte den fløi ud, kom den tomhændt igjen; 
Den kjendte ikke Maal, og den vidste ikke Vei, – 
Nu flyver den bestandig kun mod dig, kun mod dig! 


Omkring dit Billed kredser min Tanke Nat og Dag, 
Indtil jeg synes føle dit varme Aandedrag; 

Da aabner glad jeg Favnen, vil Armen om dig slaa, – 
Mmen naar jeg dig vil fange, jeg kan dig ikke naa. 


Du flyr mig, du flyr mig som den legende Vind, 
Saasnart min hede Læbe vil kysse dit Kind; 
Du flyr mig, du flyr mig, du er forsvunden alt, 
Saasnart jeg griber efter din vinkende Gestalt. 


Og atter staar jeg ensom, og atter Længslen gaar, 
Og hvad mit Hjerte lider, det ingen vide faar; 
Thi inde maa jeg lukke jo mit nagende Savn, 

Og ingen, ingen siger jeg dit deilige Navn! 



98 


Kun Drømmens Alfer lytted, naar jeg aanded det hen; 
Har de i Drømme hvisket til dig det igjen 

Hvis ikke, du min elskte, du aner det ei, 

Hvor brændende bestandig jeg længes efter dig! 


",both
URN:NBN:no-nb_digibok_2006082400076,Et kjærlighedsbrev,100,102.0,,,,"Et Rjærlighedsbrev. 


Min egen Skat, 
Ved du, ved du, hvad mig hændte inat, 
Da mit Øie var lukt 
ens Sjælen var ude paa Aandeflagt, 
Da Drømmenes Tog 
Suste henover mit Gielaag? 
Da saa jeg en Skikkelse, lys og fin 
Og let som din, 
Men med Ansigtsdragene hyllede tæt 
I Nattens Net, 
At svæve stilt til mit Leiested 
Og bøie sig ned, 
Cil jeg kjendte paa Pande og Kind og Barm 
Dens Aande varm. 
Da strakte jeg længtende ud min Arm, 
Som mod dig jeg glad 
Har gjort saa tidt, naar vi sammen sad; 



Og i samme Stund 

Jeg følte et glødende Kys paa min Mund, 
Der sendte mit Blod 

I sittrende Strømme fra Isse til Fod 

Og vugged mit Sind 

I Lykkens daarende Drømme ind. 


min elskede, sikkert den Tro jeg har, 
At dig det var, 
Som tænkte paa mig og ved Drømmens Gud 
mig sendte dit trofaste Elskovsbud. 


men Natten er kort, 

Og snart svinder Drømmenes Syner bort; 
Og Dagen er lang, 

Da ei jeg faar drømme om dig engang! 


Og derfor, du, 
Hør mig, hvad du skal gjøre nu: 
mens Skoven er fuld 
Af Duggens Perler og Solens Guld, 
mens den dunbløde Eng 
Af Blomster reder sin Brudeseng, – 
Du plukke skal 
En Gren af den duftende Liljekonval 
med alle de smaa 
Skjære, bævende Kloffer paa; 



l1ol 


Og kysse hver Blomst paa den bugnende Gren, 
Hver eneste en, 

Saa mange Gange, som du har Lyst; 
Og saa ved dit Bryst 

Sfal du lade dem hvile den lange Nat, 
Til hvert eneste Blad 

Er elskovsdrukkent og tungt og mat 

Af din Aandes Bad. 

Og saa, min elskte, – nu aner du vist 
Min fiffige List! – 

Sfal du pakke dem smukt i en Konvolut 
Og sende dem hid til din egen Gut. 
Saa vil forsigtigt jeg tage dem 

Af Brevet frem 

Og røve hvert eneste Kys deraf, 

Som du dem gav. 


Se saa, min Skat, trods den lange Vei 
Skal jeg ligevel faa mig et Kys af dig! 


se 


",both
URN:NBN:no-nb_digibok_2006082400076,Skrifte,103,104.0,,,,"Strifte. 


Da siger, jeg er skinsyg 
Og plager dig iblandt; 
Og hvad kan det vel nytte 
At nægte, det er sandtd 
Ja, elifte, jeg er skinsyg, 
Og tro mig gaa mit Ord: 
Jeg er igrunden værre, 
fangt værre, end du tror! 


Jeg skinsyg er paa CLuften, 

Som frisk du aander ind, 

Paa Vinden, som fortroligt 

faar kysse dig paa Kind; 

Jeg skinsyg er paa Blomsten, 
Som dufter dig imod, – 

Ja, selv paa Markens Straa, som 
Du træder med din fod. 



105 


Jeg skinsyg er paa Speilet, 
Der ser din Morgendragt, 
Paa Puden, hvor dit Hoved 
Du har til Hvile lagt; 

Jeg skinsvg er paa Bæltet, 
Som fast faar favne dig, – 
Paa alle, ja paa alle, 

Du træffer paa din Vei! 


De høre faar din Stemme 
Og se dit muntre Smil, 

De trøfte faar din Kummer 
Og løse dine Tvil; 

De drikke faar det Solskin, 
Du spreder rundt omkring, – 
Mens jeg maa sidde ensom 
Og ei faa nogenting! 

Og endda kan du undres, 
Om avindsyg jeg er 

Paa alle og paa alting, 

Som dig faar være nær? 
Nei, du, det har jeg Lov til, 
Den Synd jeg tar mig paa; – 
Naar næste Gang vi mødes, 
Jeg skal nok Aflad faa! 


",both
URN:NBN:no-nb_digibok_2006082400076,Anita,105,106.0,,,,"Anita. 


Ser jeg dig ind i dit Øies dybe blaa, 
Kjender jeg Barmens Tvillingbølger gaa, 
Hvisker du mig: 
Evig jeg elsker dig, – 
Da sittrer min Sans af unævnelig Fryd, Anita! 


men naar jeg ser dig i Sjælens dunkle Bund, 
Føler dit fugtige Kys paa min hede mund, 
Føler dit Blod 
Strømmende mit imod, – 
Da snøres mit Bryst af en hemmelig Angst, Anita! 


Tæt mod mit eget jeg hører dit Hjerte slaa. 
Ak, men jeg synes, jeg kan ei dets Slag forstaa. 
Bag dine Ord, 
Op af dit Smil der gror 
De nagende Cvil, som forgifter mit Liv, Anita! 



(05 


Er jeg den første, du skjænket har din Sjæl 
Har jeg dit Hjerte? Eier jeg dig hel? 
Sig mig det sandt! 
Giv mig den Tid, som svandt! 
Thi du er den første, og jeg er en Mand, Anita! 


Giv mig de Dage, før jeg har mødt din Vei, 
minder, jeg hader, skjønt jeg dem kjender ei! 
Giv mig de Kys, 
Slig som du gav hig nys – 
Og kanske har givet til andre før mig, Anita! 
– Intet du svarer, du ser mig i Øiet kun, 
Lukker igjen med dit leende Kys min mund, – 
Og for dit Smil 
Smelter min Angst og Tvil, 

Som Taagerne flyr for den feirende Sol, Anita! 
Mmen naar ei længer du lokkende mod mig ler, 
Atter de lurende Skygger jeg for mig ser, – 

Nagende Frygt 


Martrer mit Hjerte sygt 
Og suger om Natten mit brændende Blod, Anita! 


t 


",both
URN:NBN:no-nb_digibok_2006082400076,Tyste Toner,107,108.0,,,,"Tyste Toner. 


D mig, elifte, du hvis Aande svæver 
Stilt som Englevinger om min Vei; 

Hør mig du, i hvem min Længsel lever, 

Og for hvem mit Hoved bøier sig. 

CTag min Sang, – skjønt det, jeg har at sige, 
Alt jeg før bar sagt saa mangen Gang. 

Kan jeg for, at mine Strenges Stige 

Eier blot den ene Stemmeflang 


Tiden sled i sine rustne Hængsler, 

Troens Svingbræt vipped op og ned, 

Bjertet krymped sig i syge Længsler, – 

Kun hos dig fandt mine Tanker Fred. 

Du er vokset med min Smerte sammen, 

Du har delt hver Fryd, som jeg har kjendt, – 
Derfor er jeg it med dig, og Flammen 
Slukner aldrig, før mit fiv er endt! 



107 


Vend dig bort i Drede og forlad mig, – 
I min Tanke er du dog mig nær! 

Elsk mig nu som fordum eller had mig, – 
Lige fuldt blir du mit Hjerte kjær. 

3 et Kys min Sjæl i din sig sænked, – 
Hvor kan nu jeg tage den igjen? 

I et Favntag fast min Elsk du lænked, – 
Nu kan Tid og Rum ei rokke den. 


Derfor stedse friske Skudd den sætter, 
Selv om din er kold som Vintrens Sne. 
Derfor taler jeg, om end det trætter 

Dig at høre mine Ord kanske. 

Synger Fuglen blot, naar høit den sidder, 
Mmedens andre lytter til dens Sang? 

Ak, mit Digt er og kun Fuglekvidder, 
Født og baaret af mit Hjertes Trang. 


Lad det vifte dig omkring din Pande 
Som den lune, lette Sommervind! 

Lad det mildt i diue Drømme blande 
Sig som fjerne Harpetoner ind! 

Lad det svinde kun, som ind det svæved, 
Uden Fordringer og uden Navn – 
Det har vundet alt, hvad det har krævet, 
Ded en Stund at gjemmes i din Favn 


æ 


",both
URN:NBN:no-nb_digibok_2006082400076,Adagio,109,110.0,,,,"Kun en Gang imellem skal jeg komme – 
Ikke ofte, som mit Sind mig drager. 

Thi jeg ved, hvor let mit Selskab plager, 
Naar dit Hjerte skjøtter ei derom, 

Og at stundom, naar jeg Afsked tager, 

Du er gladere, end naar jeg kom. 


Kun en Gang imellem skal jeg komme – 
Ikke ofte, som jeg gjerne vilde. 

Og saa skal jeg sidde ganske stille 

med din fine lille Haand i min 

Og med ømme Ord, vemodigt-milde, 
Hviske til dig: Jeg er evig din. 



109 


Kun en Gang imellem skal jeg komme – 
Ikke ofte, som min Sjæl forlanger. 

Da kanske, naar ingen anden fanger 
Dine Tanker, vil til mig de gaa, 

Og du føle vil en Smule Anger 

Ved at sidst saa koldt du til mig saa. 


 Kun en Gang imellem skal jeg komme 


",both
URN:NBN:no-nb_digibok_2006082400076,Digtersorg,111,112.0,,,,"Digtersorg. 


Ofte, naar jeg modløs sørger, 
Mmens mig intet Øie ser, 
Undrende mit Hjerte spørger: 
Hvorfor synger du ei mer? 
Hvorfor lar du ei din Længsel 
Flyve Sangens Trækfugl-Vei? 
Hvorfor gir du Savnets Trængsel 
Ordenes Forløsning ei? 


O, der var en Tid, min Smerte 
Lærte Haanden, hvad den skrev, 
Og da Sangen fra mit Hjerte 
TMismods mørke Aander drev. 
Og der var en Tid, da Glæden 
Ded min unge Kjærlighed 
Gjorde Livet til et Eden, 
Hvorpaa Himlen straalte ned. 



111 


Nu er alt kun død Forftenina, 
Natten kold og Dagen mørk; 

Nu er Livet uden Mening, 

Jorden kun en øde Ørf. 

Nu jeg taus min Sorg maa gjemme, 
Nu er selv min Glæde tom; – 

Ak, thi hun, som gav dem Stemme, 
Bryder sig jo ei derom. 


Hvorfor skal jeg da vel sprede 
Mine frø i frossen Jord? 
Hvorfor skal jeg da vel klæde 
Sjælens stille Ssuk i Ord? 

En, kun en min Sang kan lønne, 
En kun fatte kan dens Klang; 
Og ak, hun vil ikke skjønne, 

Ikke høre den engang! 


Derfor tørker mine Tanker 
Ind som Regn paa støvet Vei; 
Derfor bøier Digtets Ranker 
Ludende mod Jorden sig. 
Derfor tidt jeg modløs førger, 
Naar mig intet Øie ser; – 
Og omsonst mit Hjerte spørger, 
Hvorfor ei jeg synger mer! 


vo 


",both
URN:NBN:no-nb_digibok_2006082400076,Advarsel,113,114.0,,,,"Advarsel. 


Jeg læste en liden Plakat idag, 

Udstedt af et Selskab, hvis Plan og Fag 
Er at virke til Dyrets Beskyttelse; 

Og da Hensigten vakker og velment er, 
Saa sender jeg dig af dens Indhold her 
Et Uddrag til mulig Benxttelse: 


Naar du koger en Hummer og flaar en Aal, 
Saa gjør dem ei Smerte til Overmaal 

Ved langsomt at brænde og flække dem; – 
$æg Hummeren straks ned i koghedt Vand, 
Stjær Hodet af Aalen, saa fort du kan, 

Saa Døden med Lethed kan række dem."" 



115 


 3eg haaber, du Meningen ret forftod 
Busk: Hummer og Aal har blot Fiskeblod, 
Som flyder dem trægt gjennem Aarerne. 

Mmen mit er, Gud bedre det, varmt og rødt, – 
Og endnu er ikke mit Bjerte dødt, 

Hvor stærkt det end svider i Saarene! 


",both
URN:NBN:no-nb_digibok_2006082400076,Veirforandring,115,116.0,,,,"g 


g 


Veirforandring. 


Med smilende Blik paa den vinkende Strand 
Steg morgenen aarle af Hav; 

De rødmende Skyer ved Solleiets Ran 
Kun Glans til dens Klædebon gav. 


men videre ud over Hvælvingens Blaa 
De bredte sin taagede Kant ; 

Og før det blev Aften, i Regnkaabe graa 
Den solblanke Morgen forsvandt. 


– Saa fik og min Kjærligheds dæmrende Gry 
Sin Daab under lovende Cegn; 

Jeg mærkede ikke den truende Sty, 
Som hylled den siden i Regn. 



115 


Nu ser jeg kun for mig en Bøstnat sort, 
Forrevet af flammende Lyn; – 
en endnu jeg kan iffe vende mig bort 
Fra Morgenens straalende Syn! 


",both
URN:NBN:no-nb_digibok_2006082400076,Mygg,117,118.0,,,,"Mygg. 


I Sommerfolen 
myggene danser 

Sin lette Flaggring 
Aldrig de stanser. 

Men værst de raser, 
Naar Kvælden stunder, – 
Da ikke et Giebliks 

Ro de mig under. 


Jeg flaar ifra mig, 
men værre blir de 
Stik paa Stik 

Mine Hænder gir de 
For Hiet de sværmer, 
For Øret de svirrer; 
De Blodet hidser 

Og Tanken forvirrer 



117 


Flygte! Flygte! 

Gi' Pokkeren i dem! 
Men hvor skal jeg finde 
En Plet, som er fri dem? 
Hvor meget jeg leter, 

Jeg aldria den finder: – 
Man kan ikke flygte 

fFra stikkende Minder! 


",both
URN:NBN:no-nb_digibok_2006082400076,Min Drøm,119,121.0,,,,"m- » 1 


Min Drøm. 


FoG min Søfter, saa skal jeg fortælle 
Noget smukt, som jeg har set iaftes: 


Vinterkvælden bredte just sin Skumring, 
Da jeg gik forbi et oplyst Vindu, 

Hvor Gardinet endnu ei var nedslaat. 
Ubetænksomt keg jeg ind i Stuen, 

Men blev staaende fortabt i Skuet 

Af det Billed, der mit Øie mødte. 

Chi i Sofahjørnet sad en Kvinde, 
Skjøn og straalende, som CLykken er det, 
Og saa from som et uskyldigt Hjerte. 
Paa sin Arm et lidet Barn hun vugged 
Og betragted det med Blik saa ømme, 
Som fun Moderkjærligheden ammer. 
Da gik Døren op, og over Cæritlen 
Cren en Mand,  jea saa, at det var hendes, 



119 


Hendes ei for Verden blot, men ogsaa 
Fuldt og sandt i Kjærlighedens Rige. 
foran Gruppen gik han hen og stansed, 
Munden talte ei, den bare smilte, 

Men jeg saa, hvor hver en Mine ftraalte: 
Her er min, min egen lille Perden! 

Og som for at vise, hvad han mente, 

Og som for at føle, hvad han tænkte, 
Sank paa Knæ han for den unge Moder, 
Og med Armene om Midjen slynget 
Gjemte han i hendes Fang sit Hoved. 
Længe laa han slig, – jeg syntes høre 
Enalevinger gjennem Rummet suse 

Og en Eaffebøn mod Himlen stige 

For en Lykke, intet Ord kan male. 

Og da op han løftede sit Ansigt, 

Saa en Taare jeg i Øiet glimte, 

Og med tusind Kys han raskt bedækte 
Hendes Hals og Pande, Mund og Kinder. 
Saa han satte sig ved hendes Side, 
Legende med deres fælles Eie, 

Mmedens hendes smukke lille Hoved 

Læned sig fortroligt mod hans Skulder. 
Hvor det vist var kjedsomt, hvad hun hvisked 
Ham i Øret, mens de hvide Fingre 

Ind hun vikled i hans mørke Lokker! 



120 


Thi før endnu hun var bleven færdig 

Med det halve, tror jeg, af sit Skritte, 

Bøied han sig hurtigt hen og lukked 

Atter hendes Mund med Ays og Kjærtegn. – 
Saadan blev de ved, – et Fredens Billed, 
Fattet ind i Hjemmets gyldne Ramme, 

Og som Gjenskin fra en bedre Verden 

Synets Glans staar endnu for mit Øie 

Sig mig, Søiter, var det ikke vakkert?» 


«Det var vaffert jom et Diat, min Broder, 
men fortæl mig da, hvor du har set det!» 


«Cilgiv, Søster, jeg har ikke set det, 
Bare drømt det om  mig selv og hende!» 


",both
URN:NBN:no-nb_digibok_2006082400076,Forbi,122,123.0,,,,"Forbi. 


Engang i Ungdommens 
Fagre Vaar 
To jerter ømt 
Mod hinanden slaar; 
To Læber aldrig 
Af Kys blir kjed 
Og hvisker om Troskab 
I Evighed 


Mmen Drømmene drukner 
I fivets Bad, – 
De to, som mødtes, 
Maa skilles ad; 
Og Taarerne tørker 
Paa blege Kind, 
Og føfterne flyver 
fFor Veir og Dind. 



122 
Vel da, om Sindet 
Er let som den 
Og finder i Livet 
Sin fred igjen! 
Men ve, om du stemme 
Dil Tidens Strøm 
Og kan ikke glemme 
Dit Vaarlivs Drøm! 


Da knækkes i Stormen 
Dit Ungdomsmod; 
Da slukner din Ild 
I den kolde Flod; 
Da hylles i Skodde 
Din Civsenssti, 
Og Stormene sukker: 
Forbi! Forbi! 


",both
URN:NBN:no-nb_digibok_2006082400076,Brændte Breve,124,126.0,,,,"»S 
»æ »ꝛ 


Brændte Breve 


I hvide Blade, hvori Eivet banker 

Fra svunden Tid, som længst er død og glemt; 
I fangne Ord, som mine bange Canfer 

Saa tidt til Lykkens trygge Fred har stemt; 

I Elskovsvidner, i min Skuffe gjemt 

fig Gjældsbeviser, som en Gnier sanker, – 
Kom endnu engang frem af eders Gjemme 
Og hvisker til mig med den kjendte Stemme! 


– Jeg et for tt dem ud paa Bordet breder, 
Og mine Øine sluger hvert et Cræk; 

Jeg søger atter frem de kjære Steder, 

Som fra min Pande vifted Tvilen væk; 

De myldrer ud som fra en aabnet Sæk 

De gamle Minder og de glemte Eer. 

– Cad mig da høre, hvad I har at sige, 

I friske Bud fra Kjærlighedens Rige! 



124 


«Jeg uden dig ei leve kan, du kjære!» 
Jasaa, min Engel, – er det ogsaa sandt? 
Hvor grusomt da det Baand at overskjære, 
Som vore Skjæbners Traade sammen bandt! 
Dog, det er ret: Det var dig selv, som fandt 
En vakker Dag, at slig det burde være. 

Og naar saa er, jeg haaber, du vil friste 
At leve, – selv om mig du maatte miste! 


«Jeg elsker dig, – i Livet som i Døden 

Din er jeg, din!» – er det ei saa, der staar? 
Aa jo saamen, din Skrift var ei fornøden, 
Jeg husker alt, som det var sagt igaar. 

Det varte ogsaa, – tænk, et Fjerdingaar! 
Hvad kan man fordre mer af Elskovsgløden? 
Den er et Lune, – ikke sandt, min bedste? 
Naar det er slut, man iler mod det næste! 


– Nei, det var Løgn, hvad dine Læber talte, 
Og det var Løgn, hvad dine Fingre skrev; 

Løgn var hvert Billed, Fantafien malte 

Af Idealer over Livets Stræv 

Det var et Blændværk kun,  en Sky, som drev 
Mit Blik forbi og saa i Havet dalte. 

Den flammed luerød i Aftenstunden; 

men Solen sank,  og Glansen var forsvunden! 



125 


Hva skal jeg saa med disfe usle Capper, 
Som hvisker kun om Daarskab og Bedrag, – 
3, ved hvis Syn mit Bjerte endnu klapper 
Af hede Længsler som den første Dag 

I Ovnen ind med jer, og med jer tag 
Hvert vissent Minde, som i Ærmet napper. 
Brænd kun, brænd kun til Aske op, I arme: 
I gir en smule Lys, – men ingen Darme! 


",both
URN:NBN:no-nb_digibok_2006082400076,Afbigt,127,130.0,,,,"Afbigt. 


Det værste Verden ved om mig, og jeg 
Kan fige, jeg er bedre end mit Rygte. 
Efter Schillers ,Maria Stuart». 


Forbandet være du, med hvem jeg stævned 
For fulde Seil fra Kjærlighedens Kyit; 

Du hvem jeg vied alt, hvad godt jeg evned, 
Hvert Haab, hver Tanke i mit unge Bryst; 
Du, hvem jeg stolt med ømme Navne nævned: 
min Brud, min Rigdom, mine Øines Lyst; – 
Nu aabnet er mit Blik, mit Sprog et andet: 
Forbandet være du, – evigt forbandet! 


Hvor du har sveget mig! For Brød med Stene, 

For Vin med Gift min Mund du læsket har. 

Mit Liv jeg offred dig og dig alene, 

Og du har klædt mig som en Tigger bar. 

Hvad jeg har levet, var en Farce-Scene, 

Hvad jeg har ønsket, Gnsker af en Nar. 

Jeg bad, det svundne aldrig maatte glemmes, – 
Hin Pøl af Mudder, ved hvis Stank jeg væmmes 



mnv s » 


127 


Jeg kunde græde, naar paa dig jeg tænker, 
Og paa, hvor legende du mig forlod. 

Jeg kunde le af dine Hykler-Rænker 

Og af, hvor lidet jeg af alt forstod. 

Naar jeg i Mindets Dyb mit Bie sænker, 
Et Satyr-Ansigt griner mig imod, 

Og hvileløs forfølger dig min Klage : 

Giv mig min Tro, min tabte Tro tilbage ! 


Min Tro paa alt, -- det gode med det sande, 
Paa Sder, Løfter, Blik og Smil og Ord; 

Mmin Tro paa Uskyld bag en snehvid Pande 

Og paa et Hjerte under Barmens Flor; 

Min Cro, at Stolthed Ærens Værn skal danne, 
Ilin Tro paa Kjærligyhedens Magt paa Jord, – 
Min Tro, min stakkars Tro paa alt i Livet, 
Som har det Lys og Dærd og Indhold givet! 


Du kan det ikke. Aldrig kan du bøde, 

Hvad du i troløst Letsind har forbrudt. 

Selv Taarer vækker ei til Liv de døde, 

Og Glemslens Lindring blir mig aldrig budt. 
Mit Bjertes Kval skal dig ved Dommen møde, 
Min Sjæls Foragt skal følge dig tilslut. 

Kun et jeg ønsker dig, – jeg kan ei andet: 
Forbandet være du, – evigt forbandet! 



128 


– hvor jeg var grusom, hvor jeg var forblindet 
Af Bad og Harme, da jeg talte saa 

Og lod mig blænde tankeløst af Skinnet, 

Og CLi ets Vei laa for mig tung og graa. 

Nu er jeg atter rolig, – nu er Mindet 

En Ørfen-Manna, som jeg lever paa, 

Og varmt jeg beder, – saa er Skjæbnens Nykke: 
Velsignet være du, min spildte Lykke! 


Velsignet være du, fordi du vied 

Mmig ind i Eros' høie Helligdom 

Og ved et Ord min bundne Sjæl befried 
Og løste mine Længslers stemte Flom. 

Det var kun kort, kun kort hos mig du bied, 
Du svæved bort – en Huldre, som du kom; 
Mmen om du vandtes oller atter tabtes, 

Du var dig selv, som du af Herren skabtes. 


En Sommerfugl! Hvad kan den for, den suger 
I Flugt fra Blomst til Blomst sin Honning ind? 
Kan Skyen for, den ei lig Klippen ruger, 

men skifter Sted og Form med Sol og Vind 
Hvad kunde du for, at det blot var Uger 

Og ikke Aar, som bandt dit viltre Sind, – 

At frit du fulgte din Natur lig Bækken, 

Som danser leende langs Rosenhækken? 



129 


Nei, jeg har ingen Ret til dig at damme 
For, hvad jeg selv har villet og forskyldt. 
Jeg kan ei klage, om jeg maatte tamme 
Det Savnets Bæger, selv jeg havde fyldt. 
Jeg er kun vaagnet af de fagre Drømme, 
Fom har min Ungdoms Morgengry forgyldt, 
De fagre Drømme, som gir Mod til Striden 
Og veier mer end mange Seire fiden. 


Engang i nogle bævende Sekunder 

Jeg har dog troet eie Lykken helt; 

Og jeg har anet Kjærlighedens Under, 
Imellem Angst og Fryd og Smerte delt; 
Og jeg har følt i mindets rige Stunder, 
Din varme Aande har mit Liv besjælt, – 
Du skjønne Irrlys paa min Vandrings Veie, 
Hvem alle jog, men ingen fik i Eie! 


",both
URN:NBN:no-nb_digibok_2006082400076,Udfærden,131,135.0,,,,"Udfærden. 


Jeg sidder i Midnatsstunden 
Ved Eampens ensomme Skin 
Og puster vældige Skyer 

Af Piben i Lyset ind. 


Som hvirvlende Ringe danser 

I Luften Tobakkens Reit; – 
men gjennem de blaalige Dampe 
Jeg skimter min raske Hest. 


Hor, hvor den tramper med fFødderne! 
Paa Udfærd vil den afsted; 
Og enten jeg vil eller ikke, 
Saa faar jeg nok følge med. 



131 


Hei, hvor det gaar gjennem Enften 
Over Skyernes svimlende Lag! 
Om Kindet det svalende suser 

Af Fartens hvinende Drag. 


Om Retningen spørger jeg ikke, 
Om Maalet bryr jeg mig ei: – 
Jeg ved, at trods alle Krumfpring 
Det gaar dog den vante Vei! 


– Hører I Fosjeduren 

Og Skovens vemodige Sus? 
Skimter I hist mellem Grenene 
Det lille hvidmalte Hus? 


Der havde jeg engang hjemme 
med samt min Lykkes Skat; – 
Nu er det kun mine Tanker, 
Som gjæster det ved Nat. 


For Øiet det blændende blinker 
ed tusinde Minders Lyn, 

Og Billeder – mørke og lyse – 
Sig skynder forbi mit Syn. 



$ad fare, hvad jeg har kjæmpet 
med meørkets Aander ud; – 

Nu vil jeg blot mindes det lyse, 
Som bar mig op mod Gud! – 


Det var jo saa tyst og stille 
En skumrende Dinterfvæld : 
Vi to sad alene hjemme, – 
Jeg husker det saa vel 


Da hviskede hun mig i Øret, 
At evigt hun var min; – 

Der var det, hvor Vindusruden 
Glittrer i Maanens Skin! 


Saa vandred vi siden sammen 
En straalende Sommerdag; – 
Der gik vi, hvor Veien dukker 
Sig ind under Lovets Tag. 


Fuglene kviddred i Grenene, 
Luften var varm og lys: – 
Men lysere var mine Drømme 
Og varmere hendes kys! – 



155 


Og Bladene gulned og spired, 
Og Dagene gik og kom 
Hver eneste eier et Minde, 


Som Sjælen har fredet om. 


Det hvisker fra alle Kroge, 
Det kalder fra hver en Plet, 
Det vinker paa mig fra Døren, 
Som nu er lukket tæt 


Mmen dengang stod den aaben, 
I Afskedens bittre Stund; – 
Busker du, hvad du lovte 

mig da med Haand og mund? 


Husker du det, min elskte, 
Hvad ømt vi hinanden svor, 
Mmens af dine Øine jeg kyssed 
De blinfende Taarers Spor? 


 UE nei, det husker du ikke, 
Du ligger og slumrer jo, 

Og jeg har ingen Ret til 

At styrre din Nattero. 



154 


Sov kun, du kjære, du tabte, 
Sov kun og drøm i Fred, 
Mmens under dit kKammervindu 
Jeg knæler stille ned 


Og offrer paa Mindernes Alter 
En Taare hed og klar; – 

Det er min Andagtstime, 

Den eneste, som jeg har! 


– Jeg sidder atter i Stuen 
Ved Eampens ensomme Skin; 
Min vælige Ganger pruster 
Og skrumper i Lyset ind. 


Men før den forsvinder, jeg gir den 
Paa Halsen et venligt Klap; – 
Hvor skulde det gaa, min Ganger, 
Om ogsaa du mig slap? 


IEI3 


",both
URN:NBN:no-nb_digibok_2006082400076,Den første kjærlighed,136,139.0,,,,"Den førite Rjærlighed. 


Sm varme Strømme rifler det gjennem mit Eegeme, 
mine Tindinger banfer, og mine Øine dugges. 
O, jeg kjender eder, I lyslokkede Alfer, 
I fjælent hviskende Stemmer fra min første Kjærlighed! 
Ukaldede kommer I, naar jeg længst troede eder glemte, 
Og I lægger eder mygt over Sjælen, 
Og mit Liv drager I forbi som Perler paa en Snor 
Og løser Sorgen i Demod. – 
O, jeg kjender eder, I lyslokkede Alfer, 
I kjælent hviskende Stemmer fra min førfte Kjærlighed! 


G vorledes skal jeg beskrive dig, du Jordens deiligste Fe 
Hvor skal jeg værdigt besynge dig, du førstefødte blandt 
Aanderne? 



136 


Mit Hie var blindt, og du gjorde det seende, 
Mit Hjerte sov, og du vakte det til Civ, – 
Cil Evighedens Liv i et Lynglimt! 

Jeg kjendte ikke din beseirende Magt, 

Jeg anede ikke din Nærhed. 

Mmen da du saa kom 

Og jtrøg mit Kind med din bløde Haand 
Og hvisked dine Ord i mit Gre, 

Da glemte jeg ali, hvad jeg levede før, 

Og tilhørte dig – dig alene! 


Hvor langt er I borte, og hvor er I mig dog nær, 
I Sekunder af sittrende Salighed! 
Da min dæmrende Anelse 
Aandeløs hang ved Forventningens Nund 
Og skalv for det Ord, den begjærte; 
Da Svaret, det sagte, gjød Ild i mit Blod, 
Og intet jeg følte, og intet jeg saa 
For Lykke, for svimlende Lykke! 
ia var de klare, de blinfende Vande, 
Og Vindene lune og Skyggen sval; 
Thi det var hendes Gine, som hvilte derpaa, 
Oa hendes Aande, som vifted omkring mig! 



g 


Og Tiden stod stille paa sin rastløse Flugt, 
Og Evigheder drukned i Nuet. 
Og Ordene døde i de smeltende Blik, 
Og Sanserne sov, mens de hungred 
Og samme Længsler mødtes, men de mættedes ei, 
Og samme Eder ødsledes, men ældedes ei, 
Idag var det samme som igaar – som imorgen! – 
O, I stille, selvforglemmende Timer, 
I ranede Skatte af Favntaz og Kys, – 
Saa rene som Bønner i Moderens Mund 
Og graadige som slikkende Flammer! 


Saa kommer du lig Vaaren, saa kommer du til dem, 


Hv 


s Læber ei er rørte af Vellystens Pust, 

Og hvis Hjerter brænder efter Hengivelse. 

I Ungdomstiden kommer du, i Uskyldens Tid, 
Før Ondskab og Styghed har plettet vor Sjæl, 
Mens Længslerne slumrende drømmer. 

Straalende kommer du i Morgenrødens Klædebon 
Mmed Hine som Violer og med rosenknoppet Barm, 
Og du fanger vore Tanker som legende Børn 

Og slipper dem som Mænd, der har grublet! 



158 


Og den, som du engaug har fryftet i din Favn, 
Du sanseberusende, forglemmer dig aldrig! 
Naar dine gyldne Løfter forlængst er veiret hen, 
Naar fivet har lært os Forsagelse og Savn, 
Øg Haabene er dækkede af Rimfrost, – 
Da sender du dine Minder som lyslokkede Alfer, 
Der hvisker om de Dage, da vi knælte for dit Navn 
Og troede paa Jordelivets Lykke, – 
Du menneskehjertets allerdeiligste Drøm, 
Du Sendebnd fra lysere Verdner! 


",both
URN:NBN:no-nb_digibok_2006082400076,En Froprædiken,140,143.0,,,,"g cIT 
5 


En Froprædiken. 


Fanar jeg engang selv er bleven vis og gammel, stø og graa, 
Dil jeg vende mig og tale til de unge Hjerter saa: 


3, som endnu har tilbage fvets lyse Løvsprætstid 
med dens Længsler og dens Løfter, med dens Jubel, Angst 
og Strid; 


3, som ser en nyfødt Derden vinke jer til Velkomstfest, – 
Uabne Døren, gjør jer rede til at hilse Daarens Gjæst. 


Thi han kommer engang til jer, Elskovs unge Flammegud, 
Med de aabne Himles Høisang, med den dulgte Lykkes Bud. 


Og han gjemmer i sit Kogger Pil med Honning, Pil med Gift, 
Den, som slaar de dybe Vunder, og som gir den lette Rift. 



140 


Cad ham da ei uhørt banfe paa den stængte Helligdom, 
Mens I efter andre Guder tankeløose flaggrer om. 


fuf ham ind i eders Hjerte, kryst ham fast og kys ham varm, 


Og de Ord, han sagte hvisker, gjem dem trofast i jer Barm. 


Thi det er ei sandt, hvad Daarer i sin tørre Visdom fandt, 
Livets Maal er Guld og UEre, Kjærlighed er Fjas og Tant. 


Og det er ei sandt, hvad Munke lærte til sin Tomheds Trøst, 
an skal fly dens Lokketoner som den onde Fristers Røst. 


Kjærlighed er Livets Fylde, Kjærlighed er Livets Maal, 
Skjønheds Staber, Godheds moder, Styrkens Drik af Glædens 
Staal. 


Kjeærlighed er Himlens Afglans, Mindets Skat fra Edens Land, 
Ungdoms evigfriske Kilde, rislende i Orknen- Sand. 


Thi det visner, tomt og værdløst, alt hvad herligt Eivet bød: 
Gyldne Haab og Tro, som svulmed, Eyfkens 


Sfin i Ærens 
Stjød. 


Og det glemmes alt, som drog os: Fryd og Smerte, Had og 
Harm, 

Vinens Glød og Venskabs Haandslag, Seirens Pris i Kampens 
Larm 



141 


men den førite Gang, vort Hjerte, fyldt af omme Længslers 
Trang, 
Dirrende med spændte Strenge som en Æolsharpe hang; 


Da vort Øie saligt sænktes i et andet Øies Dæld, – 
Aldrig glemmer vi den første Gang, vi glemte belt os selv 


Lad det storme, lad det bruse, lad der falde Sten for Sten 
Af de stolte Luftkasteller, jom i Morgensolen sken; 


Lad der falde over Sjælen Støv af Mismod, Rimfrosts Drys, 
Aldrig vil det slette Sporet af det første bange Kys. 


Det er Vigslens Fflamnmefunfe, Eventyrets Trolddomsord, 
Som slaar Porten op for fivets dunkle Gaade paa vor Jord. 


Det er Troens Rast paa Veien, Lykkens Drøm, vi vugges i, 
Som i Slummer Barnet dysses af sin moders Melodi. 


Og om kun det Smerte skjænker, bittre Minder, brustne Haab, 
Der er findring i dets Løfter, der er Sundhed i dets Daab. 


Og om Tvilens Klo os ribbed, Savnets Stik os Freden stjal, – 
Altid vil det Tanken mane mod det tabte Ideal. – 


Derfor, naar han kommer til jer, Elskovs unge Flammegud, 
Og han bringer eders Hjerte Vaarens første, friste Bud; 



142 


Og han banker stilt paa Døren, stilt paa Døren: slip mig ind, 
Og I føler Længslens Bølger, risle gjennem jæl og ind, 


$ad ham da ei uhørt banfe, bred ham Favnen vidt imod, 
Og mens I i Øiet ser ham, knæl med Andagt for hans Fod. 


Bed ham følge jer paa Færden, bed ham signe eders Vei, 
Sig: Jeg gaar ei fra dig, Herre, førend du har bønhørt mig! 


– Saadan vil jeg tale til dem, jeg, som ved, hvor koldt og 
armt 
Livet er, naar Kjærligheden ikke gjør det rigt og varmt, – 


Jeg, som gjerne Derdens Ære, Magt og Rigdom vilde git 
For  om knun et fattigt Hjerte, som jeg kunde kaldt for mit! 


",both
URN:NBN:no-nb_digibok_2006082400076,Tornerose,144,144.0,,,,"Tornerose. 


D fjender Sagnet om-en deilig Pige, 

Som vofsen knapt fik Dødens Kalf at tomme 
Og slumred ind til hundred Vintres Drømme, 
mens Glemslen ruged over Land og Rige. 


Da kom en Ungling, smuk og kjæk tillige, 

Som hvisked hende Ord, af Elskov ømme, 

Og straks for Ungdomsblodets varme Strømme 
Hun følte Dødens Blund fra Øiet vige. 


– Saa lever Vaarens Kraft i Kjærligheden. 
Alt andet skifter Form i Jordens Dale, – 
Om hundred Aar er alting glemt herneden. 


en Hjertets Sprog i Hytter som i Sale 
Er end det samme, som blev født i Eden, 
Og det vil alle Tider kunne tale! 


m 


",both
URN:NBN:no-nb_digibok_2006082400076,11,155,156.0,x,,,,left_only
URN:NBN:no-nb_digibok_2006082400076,11,165,165.0,x,,,,left_only
URN:NBN:no-nb_digibok_2006082400076,12,156,156.0,x,,,,left_only
URN:NBN:no-nb_digibok_2006082400076,12,165,165.0,x,,,,left_only
URN:NBN:no-nb_digibok_2006082400076,13,166,166.0,x,,,,left_only
URN:NBN:no-nb_digibok_2006082400076,14,166,166.0,x,,,,left_only
URN:NBN:no-nb_digibok_2006082400076,15,167,167.0,,,,,left_only
URN:NBN:no-nb_digibok_2006082400076,5,,,,,,"160 


3: 
Waar man er liden, er Derden det med: et Hav er en 
Vandpyt, 
Derdens Grænser ei naar udenfor Moderens Arm. – 
Blir man da Barn igjen, naar man elsker? – Næsten jeg 
tror det: 
Nu er et Blik mig et Hav, – Verden min elskedes Favn! 


4. 
Derjom der gives en Lethe,  en Glemselens Flod efter 
Døden, – 
$ad det da synke deri, Mindet om Jordlivets Tant. 
Et kun jeg beder til Gud, at han aldrig maa lade mig 
glemme: 
Det er hver Stund, da jeg alt, alt hos min elskte har glemt! 


3 
Sior er den, som for frihedens Sag erobrer en Verden, 
God er den, som sig selv offrer for Sandhed og Ret 
Lykkelig er blot den, som erobrer et elskende Hjerte, 
Og som faar offre sit Liv trofast mod den, han har kjær! 


g 


",right_only
URN:NBN:no-nb_digibok_2006082400076,10,,,,,,"165 


men engang den Tid vil komme, 
Da han vil fordre mer; – 

Vel da, om Elskovsgudinden 
Beliver det kolde Ler! 


Thi ellers hans Mod vil slappes 
Som Armen om Baadens Hvælv, 
Og Kjærlighedsflammen vil slukne, 
Fortærende sig selv! 


æ 


10. 
Dengang jeg en elsket eied, 
Jeg øonsked med Længsel hed: 
O, gid blot et Navn jeg eied 
At smykke min elskte med! 


Men da jeg saa Navnet eied, 
Var Nøden igjen paa Spil: 
Da ingen elsket jeg eied, 
Som jeg kunde gi' det til! 


ææ 


",right_only
URN:NBN:no-nb_digibok_2006082400076,13,,,,,,"165 


13. 
Englene synded, og Herren i Vrede 
Bort dem til Helvedes Afgrund forviste 
Da blev paa Trods deres eneste Glæde 
Kampen mod Ham, de fra Evighed priste 


Glemte de da for de dødsdømtes Klage 
Lovsangen rundt om Alkjærligheds Trone? 
Droges de aldrig af Længsel tilbage 

Efter med Anger sin Skyld at forsone? 


– frafaldne Engle, jeg fatter jer Smerte, 
Fatter jer Trods mod den himmelske Fader: 
Den, man har elsket af varmeste Hjerte, 
Stærkest man afskyr og dybest man hader! 


14. 

Crø ei, saa blir du ei truffet 
Af Tvilens stikkende Brodd; 
Haab ei, saa blir du ei skuffet, 
Naar Lykken nægter dig Lodd; 
Elsk ei, saa faar du ei kjende 
Sorg over troløs Mø; – 

Mmen saa kan du ogsaa vende 
Derden din Rygg – og dø! 


8* 


",right_only
URN:NBN:no-nb_digibok_2006082400076,6,,,,,,"161 


6. 
De rigeste Stunder 
3 menneskelivet 
De blev ikke Seiren, 
Mmen Tabet givet: 
Naar viljeløs Sjælen 
En anden man skjænker, 
Da løses først Selvets 
Forsnevrende Lænker. 


De rigeste Stunder 
I Menneffelivet 

De blev ikke Aanden, 
Mmen Hjertet givet: 
Naar Læberne tier, 
Og Øinene taler, 
Da er det, at Himlen 
Til Jorden daler! 


7. 
A Lykken i Livet findes, 
Ei nogen nægte vil: 
«En ytte og et Hjerte,"" – 
Der skal ei mere til. 


",right_only
URN:NBN:no-nb_digibok_2006082400076,2,,,,,,"; 


Ahning skifter,  hvad nyt er idag, er gammelt imorgen, 


Tanker, Bedrifter og Ord synker i Glemselens Grav. 

Et kun jeg ved, som ei Tiden raar med: det er Kjærligheds 
Gaade; – 

Gammel som Verden den blir evig dog uløst og ny! 


2. 


Tærf efter Varme og Regn er Jorden i Vaarbruddets 
Smeltning, 
Vaad af den glinsende Dugg suger den Solstraalens Ild. 
Saadan i Længslernes Vaar efter Kjærlighed smægter mit 
Bjerte, 
Og for hvert Kjærtegn, jeg faar, fordrer jeg tusind igjen! 


",right_only
URN:NBN:no-nb_digibok_2006082400076,15,,,,,,"1 


166 


15 
D faa en liden Kilde, 
Der sprudled op fra Dybet ; 
Dens Vand var klart og kjøligt, 
Og aldrig blev det udtømt. 


Da sa' jeg: Lille Kilde, 

Som stilt, men stadigt flyder, 
Du synes mig at være 

Et Kjærlighedens Billed. 


Thi elskende har hvisket, 
fra Munden lærte tale, 
Og Digtere har sladdret, 
fFra Haanden lærte skrive. 


Og dog ustanset ftrømmer 
Dens Væld med nye Kræfter, 
Og endnu er den lige 

Saa ung og frisk som fordum. 


Og derfor, lille Kilde, 
Du er dens sande Billed, – 
Saa længe Jorden grønnes, 
Vil I bestandig rinde! 


0 


",right_only
URN:NBN:no-nb_digibok_2006082400076,9,,,,,,"162 


Og Hytten kan hver sig tømre 
Ded Taalmod Stok for Stok; – 
men Hjertets Plads at fylde 
Gaar ofte tungvindt nok! 


8. 
Jeg elsked, jeg leved, jeg jubled, jeg sang 
Og tænkte, det aldrig blev Høst. 
Jeg tabte min elskte, og skurrende klang 
For Øret en klagende Røst: 


Er ikke al Lykke, om lang eller kort, 

En skuffende Indbildning kun? 

Og er ikke Glæden en Brøde, som haardt 
Maa sones i Angerens Stund? 


* 


tkas Mandens Kjærlighed vaagner, 
Den taaler Pygmalions Kaar: 

En Støtte gjerne han favner, 

Naar han blot favne faar. 



165 


men engang den Tid vil komme, 
Da han vil fordre mer; – 

Vel da, om Elskovsgudinden 
Beliver det kolde Ler! 


Thi ellers hans Mod vil slappes 
Som Armen om Baadens Hvælv, 
Og Kjærlighedsflammen vil slukne, 
Fortærende sig selv! 


æ 


10. 
Dengang jeg en elsket eied, 
Jeg øonsked med Længsel hed: 
O, gid blot et Navn jeg eied 
At smykke min elskte med! 


Men da jeg saa Navnet eied, 
Var Nøden igjen paa Spil: 
Da ingen elsket jeg eied, 
Som jeg kunde gi' det til! 


ææ 


",right_only
URN:NBN:no-nb_digibok_2006082400076,4,,,,,,"160 


3: 
Waar man er liden, er Derden det med: et Hav er en 
Vandpyt, 
Derdens Grænser ei naar udenfor Moderens Arm. – 
Blir man da Barn igjen, naar man elsker? – Næsten jeg 
tror det: 
Nu er et Blik mig et Hav, – Verden min elskedes Favn! 


4. 
Derjom der gives en Lethe,  en Glemselens Flod efter 
Døden, – 
$ad det da synke deri, Mindet om Jordlivets Tant. 
Et kun jeg beder til Gud, at han aldrig maa lade mig 
glemme: 
Det er hver Stund, da jeg alt, alt hos min elskte har glemt! 


3 
Sior er den, som for frihedens Sag erobrer en Verden, 
God er den, som sig selv offrer for Sandhed og Ret 
Lykkelig er blot den, som erobrer et elskende Hjerte, 
Og som faar offre sit Liv trofast mod den, han har kjær! 


g 


",right_only
URN:NBN:no-nb_digibok_2006082400076,3,,,,,,"160 


3: 
Waar man er liden, er Derden det med: et Hav er en 
Vandpyt, 
Derdens Grænser ei naar udenfor Moderens Arm. – 
Blir man da Barn igjen, naar man elsker? – Næsten jeg 
tror det: 
Nu er et Blik mig et Hav, – Verden min elskedes Favn! 


4. 
Derjom der gives en Lethe,  en Glemselens Flod efter 
Døden, – 
$ad det da synke deri, Mindet om Jordlivets Tant. 
Et kun jeg beder til Gud, at han aldrig maa lade mig 
glemme: 
Det er hver Stund, da jeg alt, alt hos min elskte har glemt! 


3 
Sior er den, som for frihedens Sag erobrer en Verden, 
God er den, som sig selv offrer for Sandhed og Ret 
Lykkelig er blot den, som erobrer et elskende Hjerte, 
Og som faar offre sit Liv trofast mod den, han har kjær! 


g 


",right_only
URN:NBN:no-nb_digibok_2006082400076,11,,,,,,"164 


11. 
Den, som meget har, skal meget gives,» 
Dette Ord mig tidt i Minde randt, – 
,Men fra den, der lidet har, skal rives 
Selv de usle Smuler, som han fandt.” 


Lykkens Undling vant til letfjøbt Seier 
CTusind Hjerter flyver i hans Favn. 
men hvis blot et eneste man eier, 
Snart man sidder ensom med sit Savn. 


E 


12. 
3 prøver Guld, 
Og ød prøver Venner; 
men Kjærligheds Magt 
I Sorgen man kjender. 


Dens Vugge er Kjod, 
men Aand er dens Daab; 
Den lever i Minder 

Og dør i Haab. 


æ-- 


",right_only
URN:NBN:no-nb_digibok_2006082400076,14,,,,,,"165 


13. 
Englene synded, og Herren i Vrede 
Bort dem til Helvedes Afgrund forviste 
Da blev paa Trods deres eneste Glæde 
Kampen mod Ham, de fra Evighed priste 


Glemte de da for de dødsdømtes Klage 
Lovsangen rundt om Alkjærligheds Trone? 
Droges de aldrig af Længsel tilbage 

Efter med Anger sin Skyld at forsone? 


– frafaldne Engle, jeg fatter jer Smerte, 
Fatter jer Trods mod den himmelske Fader: 
Den, man har elsket af varmeste Hjerte, 
Stærkest man afskyr og dybest man hader! 


14. 

Crø ei, saa blir du ei truffet 
Af Tvilens stikkende Brodd; 
Haab ei, saa blir du ei skuffet, 
Naar Lykken nægter dig Lodd; 
Elsk ei, saa faar du ei kjende 
Sorg over troløs Mø; – 

Mmen saa kan du ogsaa vende 
Derden din Rygg – og dø! 


8* 


",right_only
URN:NBN:no-nb_digibok_2006082400076,1,,,,,,"; 


Ahning skifter,  hvad nyt er idag, er gammelt imorgen, 


Tanker, Bedrifter og Ord synker i Glemselens Grav. 

Et kun jeg ved, som ei Tiden raar med: det er Kjærligheds 
Gaade; – 

Gammel som Verden den blir evig dog uløst og ny! 


2. 


Tærf efter Varme og Regn er Jorden i Vaarbruddets 
Smeltning, 
Vaad af den glinsende Dugg suger den Solstraalens Ild. 
Saadan i Længslernes Vaar efter Kjærlighed smægter mit 
Bjerte, 
Og for hvert Kjærtegn, jeg faar, fordrer jeg tusind igjen! 


",right_only
URN:NBN:no-nb_digibok_2006082400076,7,,,,,,"161 


6. 
De rigeste Stunder 
3 menneskelivet 
De blev ikke Seiren, 
Mmen Tabet givet: 
Naar viljeløs Sjælen 
En anden man skjænker, 
Da løses først Selvets 
Forsnevrende Lænker. 


De rigeste Stunder 
I Menneffelivet 

De blev ikke Aanden, 
Mmen Hjertet givet: 
Naar Læberne tier, 
Og Øinene taler, 
Da er det, at Himlen 
Til Jorden daler! 


7. 
A Lykken i Livet findes, 
Ei nogen nægte vil: 
«En ytte og et Hjerte,"" – 
Der skal ei mere til. 



162 


Og Hytten kan hver sig tømre 
Ded Taalmod Stok for Stok; – 
men Hjertets Plads at fylde 
Gaar ofte tungvindt nok! 


8. 
Jeg elsked, jeg leved, jeg jubled, jeg sang 
Og tænkte, det aldrig blev Høst. 
Jeg tabte min elskte, og skurrende klang 
For Øret en klagende Røst: 


Er ikke al Lykke, om lang eller kort, 

En skuffende Indbildning kun? 

Og er ikke Glæden en Brøde, som haardt 
Maa sones i Angerens Stund? 


* 


tkas Mandens Kjærlighed vaagner, 
Den taaler Pygmalions Kaar: 

En Støtte gjerne han favner, 

Naar han blot favne faar. 


",right_only
URN:NBN:no-nb_digibok_2006082400076,12,,,,,,"164 


11. 
Den, som meget har, skal meget gives,» 
Dette Ord mig tidt i Minde randt, – 
,Men fra den, der lidet har, skal rives 
Selv de usle Smuler, som han fandt.” 


Lykkens Undling vant til letfjøbt Seier 
CTusind Hjerter flyver i hans Favn. 
men hvis blot et eneste man eier, 
Snart man sidder ensom med sit Savn. 


E 


12. 
3 prøver Guld, 
Og ød prøver Venner; 
men Kjærligheds Magt 
I Sorgen man kjender. 


Dens Vugge er Kjod, 
men Aand er dens Daab; 
Den lever i Minder 

Og dør i Haab. 


æ-- 


",right_only
URN:NBN:no-nb_digibok_2006082400076,8,,,,,,"162 


Og Hytten kan hver sig tømre 
Ded Taalmod Stok for Stok; – 
men Hjertets Plads at fylde 
Gaar ofte tungvindt nok! 


8. 
Jeg elsked, jeg leved, jeg jubled, jeg sang 
Og tænkte, det aldrig blev Høst. 
Jeg tabte min elskte, og skurrende klang 
For Øret en klagende Røst: 


Er ikke al Lykke, om lang eller kort, 

En skuffende Indbildning kun? 

Og er ikke Glæden en Brøde, som haardt 
Maa sones i Angerens Stund? 


* 


tkas Mandens Kjærlighed vaagner, 
Den taaler Pygmalions Kaar: 

En Støtte gjerne han favner, 

Naar han blot favne faar. 


",right_only
